伽,가
佳,가
假,가
價,가
加,가
可,가
呵,가
哥,가
嘉,가
嫁,가
家,가
暇,가
架,가
枷,가
柯,가
歌,가
珂,가
痂,가
稼,가
苛,가
茄,가
街,가
袈,가
訶,가
賈,가
跏,가
軻,가
迦,가
駕,가
刻,각
却,각
各,각
恪,각
慤,각
殼,각
珏,각
脚,각
覺,각
角,각
閣,각
侃,간
刊,간
墾,간
奸,간
姦,간
干,간
幹,간
懇,간
揀,간
杆,간
柬,간
桿,간
澗,간
癎,간
看,간
磵,간
稈,간
竿,간
簡,간
肝,간
艮,간
艱,간
諫,간
間,간
乫,갈
喝,갈
曷,갈
渴,갈
碣,갈
竭,갈
葛,갈
褐,갈
蝎,갈
鞨,갈
勘,감
坎,감
堪,감
嵌,감
感,감
憾,감
戡,감
敢,감
柑,감
橄,감
減,감
甘,감
疳,감
監,감
瞰,감
紺,감
邯,감
鑑,감
鑒,감
龕,감
匣,갑
岬,갑
甲,갑
胛,갑
鉀,갑
閘,갑
剛,강
堈,강
姜,강
岡,강
崗,강
康,강
强,강
彊,강
慷,강
江,강
畺,강
疆,강
糠,강
絳,강
綱,강
羌,강
腔,강
舡,강
薑,강
襁,강
講,강
鋼,강
降,강
鱇,강
介,개
价,개
個,개
凱,개
塏,개
愷,개
愾,개
慨,개
改,개
槪,개
漑,개
疥,개
皆,개
盖,개
箇,개
芥,개
蓋,개
豈,개
鎧,개
開,개
喀,객
客,객
坑,갱
更,갱
粳,갱
羹,갱
醵,갹
倨,거
去,거
居,거
巨,거
拒,거
据,거
據,거
擧,거
渠,거
炬,거
祛,거
距,거
踞,거
車,거
遽,거
鉅,거
鋸,거
乾,건
件,건
健,건
巾,건
建,건
愆,건
楗,건
腱,건
虔,건
蹇,건
鍵,건
騫,건
乞,걸
傑,걸
杰,걸
桀,걸
儉,검
劍,검
劒,검
檢,검
瞼,검
鈐,검
黔,검
劫,겁
怯,겁
迲,겁
偈,게
憩,게
揭,게
擊,격
格,격
檄,격
激,격
膈,격
覡,격
隔,격
堅,견
牽,견
犬,견
甄,견
絹,견
繭,견
肩,견
見,견
譴,견
遣,견
鵑,견
抉,결
決,결
潔,결
結,결
缺,결
訣,결
兼,겸
慊,겸
箝,겸
謙,겸
鉗,겸
鎌,겸
京,경
俓,경
倞,경
傾,경
儆,경
勁,경
勍,경
卿,경
坰,경
境,경
庚,경
徑,경
慶,경
憬,경
擎,경
敬,경
景,경
暻,경
更,경
梗,경
涇,경
炅,경
烱,경
璟,경
璥,경
瓊,경
痙,경
硬,경
磬,경
竟,경
競,경
絅,경
經,경
耕,경
耿,경
脛,경
莖,경
警,경
輕,경
逕,경
鏡,경
頃,경
頸,경
驚,경
鯨,경
係,계
啓,계
堺,계
契,계
季,계
屆,계
悸,계
戒,계
桂,계
械,계
棨,계
溪,계
界,계
癸,계
磎,계
稽,계
系,계
繫,계
繼,계
計,계
誡,계
谿,계
階,계
鷄,계
古,고
叩,고
告,고
呱,고
固,고
姑,고
孤,고
尻,고
庫,고
拷,고
攷,고
故,고
敲,고
暠,고
枯,고
槁,고
沽,고
痼,고
皐,고
睾,고
稿,고
羔,고
考,고
股,고
膏,고
苦,고
苽,고
菰,고
藁,고
蠱,고
袴,고
誥,고
賈,고
辜,고
錮,고
雇,고
顧,고
高,고
鼓,고
哭,곡
斛,곡
曲,곡
梏,곡
穀,곡
谷,곡
鵠,곡
困,곤
坤,곤
崑,곤
昆,곤
梱,곤
棍,곤
滾,곤
琨,곤
袞,곤
鯤,곤
汨,골
滑,골
骨,골
供,공
公,공
共,공
功,공
孔,공
工,공
恐,공
恭,공
拱,공
控,공
攻,공
珙,공
空,공
蚣,공
貢,공
鞏,공
串,곶
寡,과
戈,과
果,과
瓜,과
科,과
菓,과
誇,과
課,과
跨,과
過,과
鍋,과
顆,과
廓,곽
槨,곽
藿,곽
郭,곽
串,관
冠,관
官,관
寬,관
慣,관
棺,관
款,관
灌,관
琯,관
瓘,관
管,관
罐,관
菅,관
觀,관
貫,관
關,관
館,관
刮,괄
恝,괄
括,괄
适,괄
侊,광
光,광
匡,광
壙,광
廣,광
曠,광
洸,광
炚,광
狂,광
珖,광
筐,광
胱,광
鑛,광
卦,괘
掛,괘
罫,괘
乖,괴
傀,괴
塊,괴
壞,괴
怪,괴
愧,괴
拐,괴
槐,괴
魁,괴
宏,굉
紘,굉
肱,굉
轟,굉
交,교
僑,교
咬,교
喬,교
嬌,교
嶠,교
巧,교
攪,교
敎,교
校,교
橋,교
狡,교
皎,교
矯,교
絞,교
翹,교
膠,교
蕎,교
蛟,교
較,교
轎,교
郊,교
餃,교
驕,교
鮫,교
丘,구
久,구
九,구
仇,구
俱,구
具,구
勾,구
區,구
口,구
句,구
咎,구
嘔,구
坵,구
垢,구
寇,구
嶇,구
廐,구
懼,구
拘,구
救,구
枸,구
柩,구
構,구
歐,구
毆,구
毬,구
求,구
溝,구
灸,구
狗,구
玖,구
球,구
瞿,구
矩,구
究,구
絿,구
耉,구
臼,구
舅,구
舊,구
苟,구
衢,구
謳,구
購,구
軀,구
逑,구
邱,구
鉤,구
銶,구
駒,구
驅,구
鳩,구
鷗,구
龜,구
國,국
局,국
菊,국
鞠,국
鞫,국
麴,국
君,군
窘,군
群,군
裙,군
軍,군
郡,군
堀,굴
屈,굴
掘,굴
窟,굴
宮,궁
弓,궁
穹,궁
窮,궁
芎,궁
躬,궁
倦,권
券,권
勸,권
卷,권
圈,권
拳,권
捲,권
權,권
淃,권
眷,권
厥,궐
獗,궐
蕨,궐
蹶,궐
闕,궐
机,궤
櫃,궤
潰,궤
詭,궤
軌,궤
饋,궤
句,귀
晷,귀
歸,귀
貴,귀
鬼,귀
龜,귀
叫,규
圭,규
奎,규
揆,규
槻,규
珪,규
硅,규
窺,규
竅,규
糾,규
葵,규
規,규
赳,규
逵,규
閨,규
勻,균
均,균
畇,균
筠,균
菌,균
鈞,균
龜,균
橘,귤
克,극
剋,극
劇,극
戟,극
棘,극
極,극
隙,극
僅,근
劤,근
勤,근
懃,근
斤,근
根,근
槿,근
瑾,근
筋,근
芹,근
菫,근
覲,근
謹,근
近,근
饉,근
契,글
今,금
妗,금
擒,금
昑,금
檎,금
琴,금
禁,금
禽,금
芩,금
衾,금
衿,금
襟,금
金,금
錦,금
伋,급
及,급
急,급
扱,급
汲,급
級,급
給,급
亘,긍
兢,긍
矜,긍
肯,긍
企,기
伎,기
其,기
冀,기
嗜,기
器,기
圻,기
基,기
埼,기
夔,기
奇,기
妓,기
寄,기
岐,기
崎,기
己,기
幾,기
忌,기
技,기
旗,기
旣,기
朞,기
期,기
杞,기
棋,기
棄,기
機,기
欺,기
氣,기
汽,기
沂,기
淇,기
玘,기
琦,기
琪,기
璂,기
璣,기
畸,기
畿,기
碁,기
磯,기
祁,기
祇,기
祈,기
祺,기
箕,기
紀,기
綺,기
羈,기
耆,기
耭,기
肌,기
記,기
譏,기
豈,기
起,기
錡,기
錤,기
飢,기
饑,기
騎,기
騏,기
驥,기
麒,기
緊,긴
佶,길
吉,길
拮,길
桔,길
金,김
喫,끽
儺,나
喇,나
奈,나
娜,나
懦,나
懶,나
拏,나
拿,나
癩,나
羅,나
蘿,나
螺,나
裸,나
邏,나
那,나
樂,낙
洛,낙
烙,낙
珞,낙
落,낙
諾,낙
酪,낙
駱,낙
亂,난
卵,난
暖,난
欄,난
煖,난
爛,난
蘭,난
難,난
鸞,난
捏,날
捺,날
南,남
嵐,남
枏,남
楠,남
湳,남
濫,남
男,남
藍,남
襤,남
拉,납
納,납
臘,납
蠟,납
衲,납
囊,낭
娘,낭
廊,낭
朗,낭
浪,낭
狼,낭
郎,낭
乃,내
來,내
內,내
奈,내
柰,내
耐,내
冷,냉
女,녀
年,년
撚,년
秊,년
念,념
恬,념
拈,념
捻,념
寧,녕
寗,녕
努,노
勞,노
奴,노
弩,노
怒,노
擄,노
櫓,노
爐,노
瑙,노
盧,노
老,노
蘆,노
虜,노
路,노
露,노
駑,노
魯,노
鷺,노
碌,녹
祿,녹
綠,녹
菉,녹
錄,녹
鹿,녹
論,논
壟,농
弄,농
濃,농
籠,농
聾,농
膿,농
農,농
惱,뇌
牢,뇌
磊,뇌
腦,뇌
賂,뇌
雷,뇌
尿,뇨
壘,누
屢,누
樓,누
淚,누
漏,누
累,누
縷,누
陋,누
嫩,눈
訥,눌
杻,뉴
紐,뉴
勒,늑
肋,늑
凜,늠
凌,능
稜,능
綾,능
能,능
菱,능
陵,능
尼,니
泥,니
匿,닉
溺,닉
多,다
茶,다
丹,단
亶,단
但,단
單,단
團,단
壇,단
彖,단
斷,단
旦,단
檀,단
段,단
湍,단
短,단
端,단
簞,단
緞,단
蛋,단
袒,단
鄲,단
鍛,단
撻,달
澾,달
獺,달
疸,달
達,달
啖,담
坍,담
憺,담
擔,담
曇,담
淡,담
湛,담
潭,담
澹,담
痰,담
聃,담
膽,담
蕁,담
覃,담
談,담
譚,담
錟,담
沓,답
畓,답
答,답
踏,답
遝,답
唐,당
堂,당
塘,당
幢,당
戇,당
撞,당
棠,당
當,당
糖,당
螳,당
黨,당
代,대
垈,대
坮,대
大,대
對,대
岱,대
帶,대
待,대
戴,대
擡,대
玳,대
臺,대
袋,대
貸,대
隊,대
黛,대
宅,댁
德,덕
悳,덕
倒,도
刀,도
到,도
圖,도
堵,도
塗,도
導,도
屠,도
島,도
嶋,도
度,도
徒,도
悼,도
挑,도
掉,도
搗,도
桃,도
棹,도
櫂,도
淘,도
渡,도
滔,도
濤,도
燾,도
盜,도
睹,도
禱,도
稻,도
萄,도
覩,도
賭,도
跳,도
蹈,도
逃,도
途,도
道,도
都,도
鍍,도
陶,도
韜,도
毒,독
瀆,독
牘,독
犢,독
獨,독
督,독
禿,독
篤,독
纛,독
讀,독
墩,돈
惇,돈
敦,돈
旽,돈
暾,돈
沌,돈
焞,돈
燉,돈
豚,돈
頓,돈
乭,돌
突,돌
仝,동
冬,동
凍,동
動,동
同,동
憧,동
東,동
桐,동
棟,동
洞,동
潼,동
疼,동
瞳,동
童,동
胴,동
董,동
銅,동
兜,두
斗,두
杜,두
枓,두
痘,두
竇,두
荳,두
讀,두
豆,두
逗,두
頭,두
屯,둔
臀,둔
芚,둔
遁,둔
遯,둔
鈍,둔
得,득
嶝,등
橙,등
燈,등
登,등
等,등
藤,등
謄,등
鄧,등
騰,등
喇,라
懶,라
拏,라
癩,라
羅,라
蘿,라
螺,라
裸,라
邏,라
樂,락
洛,락
烙,락
珞,락
絡,락
落,락
諾,락
酪,락
駱,락
丹,란
亂,란
卵,란
欄,란
欒,란
瀾,란
爛,란
蘭,란
鸞,란
剌,랄
辣,랄
嵐,람
擥,람
攬,람
欖,람
濫,람
籃,람
纜,람
藍,람
襤,람
覽,람
拉,랍
臘,랍
蠟,랍
廊,랑
朗,랑
浪,랑
狼,랑
琅,랑
瑯,랑
螂,랑
郞,랑
來,래
崍,래
徠,래
萊,래
冷,랭
掠,략
略,략
亮,량
倆,량
兩,량
凉,량
梁,량
樑,량
粮,량
粱,량
糧,량
良,량
諒,량
輛,량
量,량
侶,려
儷,려
勵,려
呂,려
廬,려
慮,려
戾,려
旅,려
櫚,려
濾,려
礪,려
藜,려
蠣,려
閭,려
驢,려
驪,려
麗,려
黎,려
力,력
曆,력
歷,력
瀝,력
礫,력
轢,력
靂,력
憐,련
戀,련
攣,련
漣,련
煉,련
璉,련
練,련
聯,련
蓮,련
輦,련
連,련
鍊,련
冽,렬
列,렬
劣,렬
洌,렬
烈,렬
裂,렬
廉,렴
斂,렴
殮,렴
濂,렴
簾,렴
獵,렵
令,령
伶,령
囹,령
寧,령
岺,령
嶺,령
怜,령
玲,령
笭,령
羚,령
翎,령
聆,령
逞,령
鈴,령
零,령
靈,령
領,령
齡,령
例,례
澧,례
禮,례
醴,례
隷,례
勞,로
怒,로
撈,로
擄,로
櫓,로
潞,로
瀘,로
爐,로
盧,로
老,로
蘆,로
虜,로
路,로
輅,로
露,로
魯,로
鷺,로
鹵,로
碌,록
祿,록
綠,록
菉,록
錄,록
鹿,록
麓,록
論,론
壟,롱
弄,롱
朧,롱
瀧,롱
瓏,롱
籠,롱
聾,롱
儡,뢰
瀨,뢰
牢,뢰
磊,뢰
賂,뢰
賚,뢰
賴,뢰
雷,뢰
了,료
僚,료
寮,료
廖,료
料,료
燎,료
療,료
瞭,료
聊,료
蓼,료
遼,료
鬧,료
龍,룡
壘,루
婁,루
屢,루
樓,루
淚,루
漏,루
瘻,루
累,루
縷,루
蔞,루
褸,루
鏤,루
陋,루
劉,류
旒,류
柳,류
榴,류
流,류
溜,류
瀏,류
琉,류
瑠,류
留,류
瘤,류
硫,류
謬,류
類,류
六,륙
戮,륙
陸,륙
侖,륜
倫,륜
崙,륜
淪,륜
綸,륜
輪,륜
律,률
慄,률
栗,률
率,률
隆,륭
勒,륵
肋,륵
凜,름
凌,릉
楞,릉
稜,릉
綾,릉
菱,릉
陵,릉
俚,리
利,리
厘,리
吏,리
唎,리
履,리
悧,리
李,리
梨,리
浬,리
犁,리
狸,리
理,리
璃,리
異,리
痢,리
籬,리
罹,리
羸,리
莉,리
裏,리
裡,리
里,리
釐,리
離,리
鯉,리
吝,린
潾,린
燐,린
璘,린
藺,린
躪,린
隣,린
鱗,린
麟,린
林,림
淋,림
琳,림
臨,림
霖,림
砬,립
立,립
笠,립
粒,립
摩,마
瑪,마
痲,마
碼,마
磨,마
馬,마
魔,마
麻,마
寞,막
幕,막
漠,막
膜,막
莫,막
邈,막
万,만
卍,만
娩,만
巒,만
彎,만
慢,만
挽,만
晩,만
曼,만
滿,만
漫,만
灣,만
瞞,만
萬,만
蔓,만
蠻,만
輓,만
饅,만
鰻,만
唜,말
抹,말
末,말
沫,말
茉,말
襪,말
靺,말
亡,망
妄,망
忘,망
忙,망
望,망
網,망
罔,망
芒,망
茫,망
莽,망
輞,망
邙,망
埋,매
妹,매
媒,매
寐,매
昧,매
枚,매
梅,매
每,매
煤,매
罵,매
買,매
賣,매
邁,매
魅,매
脈,맥
貊,맥
陌,맥
驀,맥
麥,맥
孟,맹
氓,맹
猛,맹
盲,맹
盟,맹
萌,맹
冪,멱
覓,멱
免,면
冕,면
勉,면
棉,면
沔,면
眄,면
眠,면
綿,면
緬,면
面,면
麵,면
滅,멸
蔑,멸
冥,명
名,명
命,명
明,명
暝,명
椧,명
溟,명
皿,명
瞑,명
茗,명
蓂,명
螟,명
酩,명
銘,명
鳴,명
袂,몌
侮,모
冒,모
募,모
姆,모
帽,모
慕,모
摸,모
摹,모
暮,모
某,모
模,모
母,모
毛,모
牟,모
牡,모
瑁,모
眸,모
矛,모
耗,모
芼,모
茅,모
謀,모
謨,모
貌,모
木,목
沐,목
牧,목
目,목
睦,목
穆,목
鶩,목
歿,몰
沒,몰
夢,몽
朦,몽
蒙,몽
卯,묘
墓,묘
妙,묘
廟,묘
描,묘
昴,묘
杳,묘
渺,묘
猫,묘
竗,묘
苗,묘
錨,묘
務,무
巫,무
憮,무
懋,무
戊,무
拇,무
撫,무
无,무
楙,무
武,무
毋,무
無,무
珷,무
畝,무
繆,무
舞,무
茂,무
蕪,무
誣,무
貿,무
霧,무
鵡,무
墨,묵
默,묵
們,문
刎,문
吻,문
問,문
文,문
汶,문
紊,문
紋,문
聞,문
蚊,문
門,문
雯,문
勿,물
沕,물
物,물
味,미
媚,미
尾,미
嵋,미
彌,미
微,미
未,미
梶,미
楣,미
渼,미
湄,미
眉,미
米,미
美,미
薇,미
謎,미
迷,미
靡,미
黴,미
岷,민
悶,민
愍,민
憫,민
敏,민
旻,민
旼,민
民,민
泯,민
玟,민
珉,민
緡,민
閔,민
密,밀
蜜,밀
謐,밀
剝,박
博,박
拍,박
搏,박
撲,박
朴,박
樸,박
泊,박
珀,박
璞,박
箔,박
粕,박
縛,박
膊,박
舶,박
薄,박
迫,박
雹,박
駁,박
伴,반
半,반
反,반
叛,반
拌,반
搬,반
攀,반
斑,반
槃,반
泮,반
潘,반
班,반
畔,반
瘢,반
盤,반
盼,반
磐,반
磻,반
礬,반
絆,반
般,반
蟠,반
返,반
頒,반
飯,반
勃,발
拔,발
撥,발
渤,발
潑,발
發,발
跋,발
醱,발
鉢,발
髮,발
魃,발
倣,방
傍,방
坊,방
妨,방
尨,방
幇,방
彷,방
房,방
放,방
方,방
旁,방
昉,방
枋,방
榜,방
滂,방
磅,방
紡,방
肪,방
膀,방
舫,방
芳,방
蒡,방
蚌,방
訪,방
謗,방
邦,방
防,방
龐,방
倍,배
俳,배
北,배
培,배
徘,배
拜,배
排,배
杯,배
湃,배
焙,배
盃,배
背,배
胚,배
裴,배
裵,배
褙,배
賠,배
輩,배
配,배
陪,배
伯,백
佰,백
帛,백
柏,백
栢,백
白,백
百,백
魄,백
幡,번
樊,번
煩,번
燔,번
番,번
磻,번
繁,번
蕃,번
藩,번
飜,번
伐,벌
筏,벌
罰,벌
閥,벌
凡,범
帆,범
梵,범
氾,범
汎,범
泛,범
犯,범
範,범
范,범
法,법
琺,법
僻,벽
劈,벽
壁,벽
擘,벽
檗,벽
璧,벽
癖,벽
碧,벽
蘗,벽
闢,벽
霹,벽
便,변
卞,변
弁,변
變,변
辨,변
辯,변
邊,변
別,별
瞥,별
鱉,별
鼈,별
丙,병
倂,병
兵,병
屛,병
幷,병
昞,병
昺,병
柄,병
棅,병
炳,병
甁,병
病,병
秉,병
竝,병
輧,병
餠,병
騈,병
保,보
堡,보
報,보
寶,보
普,보
步,보
洑,보
湺,보
潽,보
珤,보
甫,보
菩,보
補,보
褓,보
譜,보
輔,보
伏,복
僕,복
匐,복
卜,복
宓,복
復,복
服,복
福,복
腹,복
茯,복
蔔,복
複,복
覆,복
輹,복
輻,복
馥,복
鰒,복
本,본
乶,볼
俸,봉
奉,봉
封,봉
峯,봉
峰,봉
捧,봉
棒,봉
烽,봉
熢,봉
琫,봉
縫,봉
蓬,봉
蜂,봉
逢,봉
鋒,봉
鳳,봉
不,부
付,부
俯,부
傅,부
剖,부
副,부
否,부
咐,부
埠,부
夫,부
婦,부
孚,부
孵,부
富,부
府,부
復,부
扶,부
敷,부
斧,부
浮,부
溥,부
父,부
符,부
簿,부
缶,부
腐,부
腑,부
膚,부
艀,부
芙,부
莩,부
訃,부
負,부
賦,부
賻,부
赴,부
趺,부
部,부
釜,부
阜,부
附,부
駙,부
鳧,부
北,북
分,분
吩,분
噴,분
墳,분
奔,분
奮,분
忿,분
憤,분
扮,분
昐,분
汾,분
焚,분
盆,분
粉,분
糞,분
紛,분
芬,분
賁,분
雰,분
不,불
佛,불
弗,불
彿,불
拂,불
崩,붕
朋,붕
棚,붕
硼,붕
繃,붕
鵬,붕
丕,비
備,비
匕,비
匪,비
卑,비
妃,비
婢,비
庇,비
悲,비
憊,비
扉,비
批,비
斐,비
枇,비
榧,비
比,비
毖,비
毗,비
毘,비
沸,비
泌,비
琵,비
痺,비
砒,비
碑,비
秕,비
秘,비
粃,비
緋,비
翡,비
肥,비
脾,비
臂,비
菲,비
蜚,비
裨,비
誹,비
譬,비
費,비
鄙,비
非,비
飛,비
鼻,비
嚬,빈
嬪,빈
彬,빈
斌,빈
檳,빈
殯,빈
浜,빈
濱,빈
瀕,빈
牝,빈
玭,빈
貧,빈
賓,빈
頻,빈
憑,빙
氷,빙
聘,빙
騁,빙
乍,사
事,사
些,사
仕,사
伺,사
似,사
使,사
俟,사
僿,사
史,사
司,사
唆,사
嗣,사
四,사
士,사
奢,사
娑,사
寫,사
寺,사
射,사
巳,사
師,사
徙,사
思,사
捨,사
斜,사
斯,사
柶,사
査,사
梭,사
死,사
沙,사
泗,사
渣,사
瀉,사
獅,사
砂,사
社,사
祀,사
祠,사
私,사
篩,사
紗,사
絲,사
肆,사
舍,사
莎,사
蓑,사
蛇,사
裟,사
詐,사
詞,사
謝,사
賜,사
赦,사
辭,사
邪,사
飼,사
駟,사
麝,사
削,삭
數,삭
朔,삭
索,삭
傘,산
刪,산
山,산
散,산
汕,산
珊,산
産,산
疝,산
算,산
蒜,산
酸,산
霰,산
乷,살
撒,살
殺,살
煞,살
薩,살
三,삼
參,삼
杉,삼
森,삼
渗,삼
芟,삼
蔘,삼
衫,삼
揷,삽
澁,삽
鈒,삽
颯,삽
上,상
傷,상
像,상
償,상
商,상
喪,상
嘗,상
孀,상
尙,상
峠,상
常,상
床,상
庠,상
廂,상
想,상
桑,상
橡,상
湘,상
爽,상
牀,상
狀,상
相,상
祥,상
箱,상
翔,상
裳,상
觴,상
詳,상
象,상
賞,상
霜,상
塞,새
璽,새
賽,새
嗇,색
塞,색
穡,색
索,색
色,색
牲,생
生,생
甥,생
省,생
笙,생
墅,서
壻,서
嶼,서
序,서
庶,서
徐,서
恕,서
抒,서
捿,서
敍,서
暑,서
曙,서
書,서
栖,서
棲,서
犀,서
瑞,서
筮,서
絮,서
緖,서
署,서
胥,서
舒,서
薯,서
西,서
誓,서
逝,서
鋤,서
黍,서
鼠,서
夕,석
奭,석
席,석
惜,석
昔,석
晳,석
析,석
汐,석
淅,석
潟,석
石,석
碩,석
蓆,석
釋,석
錫,석
仙,선
僊,선
先,선
善,선
嬋,선
宣,선
扇,선
敾,선
旋,선
渲,선
煽,선
琁,선
瑄,선
璇,선
璿,선
癬,선
禪,선
線,선
繕,선
羨,선
腺,선
膳,선
船,선
蘚,선
蟬,선
詵,선
跣,선
選,선
銑,선
鐥,선
饍,선
鮮,선
卨,설
屑,설
楔,설
泄,설
洩,설
渫,설
舌,설
薛,설
褻,설
設,설
說,설
雪,설
齧,설
剡,섬
暹,섬
殲,섬
纖,섬
蟾,섬
贍,섬
閃,섬
陝,섬
攝,섭
涉,섭
燮,섭
葉,섭
城,성
姓,성
宬,성
性,성
惺,성
成,성
星,성
晟,성
猩,성
珹,성
盛,성
省,성
筬,성
聖,성
聲,성
腥,성
誠,성
醒,성
世,세
勢,세
歲,세
洗,세
稅,세
笹,세
細,세
說,세
貰,세
召,소
嘯,소
塑,소
宵,소
小,소
少,소
巢,소
所,소
掃,소
搔,소
昭,소
梳,소
沼,소
消,소
溯,소
瀟,소
炤,소
燒,소
甦,소
疏,소
疎,소
瘙,소
笑,소
篠,소
簫,소
素,소
紹,소
蔬,소
蕭,소
蘇,소
訴,소
逍,소
遡,소
邵,소
銷,소
韶,소
騷,소
俗,속
屬,속
束,속
涑,속
粟,속
續,속
謖,속
贖,속
速,속
孫,손
巽,손
損,손
蓀,손
遜,손
飡,손
率,솔
宋,송
悚,송
松,송
淞,송
訟,송
誦,송
送,송
頌,송
刷,쇄
殺,쇄
灑,쇄
碎,쇄
鎖,쇄
衰,쇠
釗,쇠
修,수
受,수
嗽,수
囚,수
垂,수
壽,수
嫂,수
守,수
岫,수
峀,수
帥,수
愁,수
戍,수
手,수
授,수
搜,수
收,수
數,수
樹,수
殊,수
水,수
洙,수
漱,수
燧,수
狩,수
獸,수
琇,수
璲,수
瘦,수
睡,수
秀,수
穗,수
竪,수
粹,수
綏,수
綬,수
繡,수
羞,수
脩,수
茱,수
蒐,수
蓚,수
藪,수
袖,수
誰,수
讐,수
輸,수
遂,수
邃,수
酬,수
銖,수
銹,수
隋,수
隧,수
隨,수
雖,수
需,수
須,수
首,수
髓,수
鬚,수
叔,숙
塾,숙
夙,숙
孰,숙
宿,숙
淑,숙
潚,숙
熟,숙
琡,숙
璹,숙
肅,숙
菽,숙
巡,순
徇,순
循,순
恂,순
旬,순
栒,순
楯,순
橓,순
殉,순
洵,순
淳,순
珣,순
盾,순
瞬,순
筍,순
純,순
脣,순
舜,순
荀,순
蓴,순
蕣,순
詢,순
諄,순
醇,순
錞,순
順,순
馴,순
戌,술
術,술
述,술
鉥,술
崇,숭
崧,숭
嵩,숭
瑟,슬
膝,슬
蝨,슬
濕,습
拾,습
習,습
褶,습
襲,습
丞,승
乘,승
僧,승
勝,승
升,승
承,승
昇,승
繩,승
蠅,승
陞,승
侍,시
匙,시
嘶,시
始,시
媤,시
尸,시
屎,시
屍,시
市,시
弑,시
恃,시
施,시
是,시
時,시
枾,시
柴,시
猜,시
矢,시
示,시
翅,시
蒔,시
蓍,시
視,시
試,시
詩,시
諡,시
豕,시
豺,시
埴,식
寔,식
式,식
息,식
拭,식
植,식
殖,식
湜,식
熄,식
篒,식
蝕,식
識,식
軾,식
食,식
飾,식
伸,신
侁,신
信,신
呻,신
娠,신
宸,신
愼,신
新,신
晨,신
燼,신
申,신
神,신
紳,신
腎,신
臣,신
莘,신
薪,신
藎,신
蜃,신
訊,신
身,신
辛,신
辰,신
迅,신
失,실
室,실
實,실
悉,실
審,심
尋,심
心,심
沁,심
沈,심
深,심
瀋,심
甚,심
芯,심
諶,심
什,십
十,십
拾,십
雙,쌍
氏,씨
亞,아
俄,아
兒,아
啞,아
娥,아
峨,아
我,아
牙,아
芽,아
莪,아
蛾,아
衙,아
訝,아
阿,아
雅,아
餓,아
鴉,아
鵝,아
堊,악
岳,악
嶽,악
幄,악
惡,악
愕,악
握,악
樂,악
渥,악
鄂,악
鍔,악
顎,악
鰐,악
齷,악
安,안
岸,안
按,안
晏,안
案,안
眼,안
雁,안
鞍,안
顔,안
鮟,안
斡,알
謁,알
軋,알
閼,알
唵,암
岩,암
巖,암
庵,암
暗,암
癌,암
菴,암
闇,암
壓,압
押,압
狎,압
鴨,압
仰,앙
央,앙
怏,앙
昻,앙
殃,앙
秧,앙
鴦,앙
厓,애
哀,애
埃,애
崖,애
愛,애
曖,애
涯,애
碍,애
艾,애
隘,애
靄,애
厄,액
扼,액
掖,액
液,액
縊,액
腋,액
額,액
櫻,앵
罌,앵
鶯,앵
鸚,앵
也,야
倻,야
冶,야
夜,야
惹,야
揶,야
椰,야
爺,야
耶,야
若,야
野,야
弱,약
掠,약
略,약
約,약
若,약
葯,약
蒻,약
藥,약
躍,약
亮,양
佯,양
兩,양
凉,양
壤,양
孃,양
恙,양
揚,양
攘,양
敭,양
暘,양
梁,양
楊,양
樣,양
洋,양
瀁,양
煬,양
痒,양
瘍,양
禳,양
穰,양
糧,양
羊,양
良,양
襄,양
諒,양
讓,양
釀,양
陽,양
量,양
養,양
圄,어
御,어
於,어
漁,어
瘀,어
禦,어
語,어
馭,어
魚,어
齬,어
億,억
憶,억
抑,억
檍,억
臆,억
偃,언
堰,언
彦,언
焉,언
言,언
諺,언
孼,얼
蘖,얼
俺,엄
儼,엄
嚴,엄
奄,엄
掩,엄
淹,엄
嶪,업
業,업
円,엔
予,여
余,여
勵,여
呂,여
女,여
如,여
廬,여
旅,여
歟,여
汝,여
濾,여
璵,여
礖,여
礪,여
與,여
艅,여
茹,여
輿,여
轝,여
閭,여
餘,여
驪,여
麗,여
黎,여
亦,역
力,역
域,역
役,역
易,역
曆,역
歷,역
疫,역
繹,역
譯,역
轢,역
逆,역
驛,역
嚥,연
堧,연
姸,연
娟,연
宴,연
年,연
延,연
憐,연
戀,연
捐,연
挻,연
撚,연
椽,연
沇,연
沿,연
涎,연
涓,연
淵,연
演,연
漣,연
烟,연
然,연
煙,연
煉,연
燃,연
燕,연
璉,연
硏,연
硯,연
秊,연
筵,연
緣,연
練,연
縯,연
聯,연
衍,연
軟,연
輦,연
蓮,연
連,연
鉛,연
鍊,연
鳶,연
列,열
劣,열
咽,열
悅,열
涅,열
烈,열
熱,열
裂,열
說,열
閱,열
厭,염
廉,염
念,염
捻,염
染,염
殮,염
炎,염
焰,염
琰,염
艶,염
苒,염
簾,염
閻,염
髥,염
鹽,염
曄,엽
獵,엽
燁,엽
葉,엽
令,영
囹,영
塋,영
寧,영
嶺,영
嶸,영
影,영
怜,영
映,영
暎,영
楹,영
榮,영
永,영
泳,영
渶,영
潁,영
濚,영
瀛,영
瀯,영
煐,영
營,영
獰,영
玲,영
瑛,영
瑩,영
瓔,영
盈,영
穎,영
纓,영
羚,영
聆,영
英,영
詠,영
迎,영
鈴,영
鍈,영
零,영
霙,영
靈,영
領,영
乂,예
倪,예
例,예
刈,예
叡,예
曳,예
汭,예
濊,예
猊,예
睿,예
穢,예
芮,예
藝,예
蘂,예
禮,예
裔,예
詣,예
譽,예
豫,예
醴,예
銳,예
隸,예
霓,예
預,예
五,오
伍,오
俉,오
傲,오
午,오
吾,오
吳,오
嗚,오
塢,오
墺,오
奧,오
娛,오
寤,오
悟,오
惡,오
懊,오
敖,오
旿,오
晤,오
梧,오
汚,오
澳,오
烏,오
熬,오
獒,오
筽,오
蜈,오
誤,오
鰲,오
鼇,오
屋,옥
沃,옥
獄,옥
玉,옥
鈺,옥
溫,온
瑥,온
瘟,온
穩,온
縕,온
蘊,온
兀,올
壅,옹
擁,옹
瓮,옹
甕,옹
癰,옹
翁,옹
邕,옹
雍,옹
饔,옹
渦,와
瓦,와
窩,와
窪,와
臥,와
蛙,와
蝸,와
訛,와
婉,완
完,완
宛,완
梡,완
椀,완
浣,완
玩,완
琓,완
琬,완
碗,완
緩,완
翫,완
脘,완
腕,완
莞,완
豌,완
阮,완
頑,완
曰,왈
往,왕
旺,왕
枉,왕
汪,왕
王,왕
倭,왜
娃,왜
歪,왜
矮,왜
外,외
嵬,외
巍,외
猥,외
畏,외
了,요
僚,요
僥,요
凹,요
堯,요
夭,요
妖,요
姚,요
寥,요
寮,요
尿,요
嶢,요
拗,요
搖,요
撓,요
擾,요
料,요
曜,요
樂,요
橈,요
燎,요
燿,요
瑤,요
療,요
窈,요
窯,요
繇,요
繞,요
耀,요
腰,요
蓼,요
蟯,요
要,요
謠,요
遙,요
遼,요
邀,요
饒,요
慾,욕
欲,욕
浴,욕
縟,욕
褥,욕
辱,욕
俑,용
傭,용
冗,용
勇,용
埇,용
墉,용
容,용
庸,용
慂,용
榕,용
涌,용
湧,용
溶,용
熔,용
瑢,용
用,용
甬,용
聳,용
茸,용
蓉,용
踊,용
鎔,용
鏞,용
龍,용
于,우
佑,우
偶,우
優,우
又,우
友,우
右,우
宇,우
寓,우
尤,우
愚,우
憂,우
旴,우
牛,우
玗,우
瑀,우
盂,우
祐,우
禑,우
禹,우
紆,우
羽,우
芋,우
藕,우
虞,우
迂,우
遇,우
郵,우
釪,우
隅,우
雨,우
雩,우
勖,욱
彧,욱
旭,욱
昱,욱
栯,욱
煜,욱
稶,욱
郁,욱
頊,욱
云,운
暈,운
橒,운
殞,운
澐,운
熉,운
耘,운
芸,운
蕓,운
運,운
隕,운
雲,운
韻,운
蔚,울
鬱,울
亐,울
熊,웅
雄,웅
元,원
原,원
員,원
圓,원
園,원
垣,원
媛,원
嫄,원
寃,원
怨,원
愿,원
援,원
沅,원
洹,원
湲,원
源,원
爰,원
猿,원
瑗,원
苑,원
袁,원
轅,원
遠,원
阮,원
院,원
願,원
鴛,원
月,월
越,월
鉞,월
位,위
偉,위
僞,위
危,위
圍,위
委,위
威,위
尉,위
慰,위
暐,위
渭,위
爲,위
瑋,위
緯,위
胃,위
萎,위
葦,위
蔿,위
蝟,위
衛,위
褘,위
謂,위
違,위
韋,위
魏,위
乳,유
侑,유
儒,유
兪,유
劉,유
唯,유
喩,유
孺,유
宥,유
幼,유
幽,유
庾,유
悠,유
惟,유
愈,유
愉,유
揄,유
攸,유
有,유
杻,유
柔,유
柚,유
柳,유
楡,유
楢,유
油,유
洧,유
流,유
游,유
溜,유
濡,유
猶,유
猷,유
琉,유
瑜,유
由,유
留,유
癒,유
硫,유
紐,유
維,유
臾,유
萸,유
裕,유
誘,유
諛,유
諭,유
踰,유
蹂,유
遊,유
逾,유
遺,유
酉,유
釉,유
鍮,유
類,유
六,육
堉,육
戮,육
毓,육
肉,육
育,육
陸,육
倫,윤
允,윤
奫,윤
尹,윤
崙,윤
淪,윤
潤,윤
玧,윤
胤,윤
贇,윤
輪,윤
鈗,윤
閏,윤
律,율
慄,율
栗,율
率,율
聿,율
戎,융
瀜,융
絨,융
融,융
隆,융
垠,은
恩,은
慇,은
殷,은
誾,은
銀,은
隱,은
乙,을
吟,음
淫,음
蔭,음
陰,음
音,음
飮,음
揖,읍
泣,읍
邑,읍
凝,응
應,응
膺,응
鷹,응
依,의
倚,의
儀,의
宜,의
意,의
懿,의
擬,의
椅,의
毅,의
疑,의
矣,의
義,의
艤,의
薏,의
蟻,의
衣,의
誼,의
議,의
醫,의
二,이
以,이
伊,이
利,이
吏,이
夷,이
姨,이
履,이
已,이
弛,이
彛,이
怡,이
易,이
李,이
梨,이
泥,이
爾,이
珥,이
理,이
異,이
痍,이
痢,이
移,이
罹,이
而,이
耳,이
肄,이
苡,이
荑,이
裏,이
裡,이
貽,이
貳,이
邇,이
里,이
離,이
飴,이
餌,이
匿,익
溺,익
瀷,익
益,익
翊,익
翌,익
翼,익
謚,익
人,인
仁,인
刃,인
印,인
吝,인
咽,인
因,인
姻,인
寅,인
引,인
忍,인
湮,인
燐,인
璘,인
絪,인
茵,인
藺,인
蚓,인
認,인
隣,인
靭,인
靷,인
鱗,인
麟,인
一,일
佚,일
佾,일
壹,일
日,일
溢,일
逸,일
鎰,일
馹,일
任,임
壬,임
妊,임
姙,임
恁,임
林,임
淋,임
稔,임
臨,임
荏,임
賃,임
入,입
卄,입
立,입
笠,입
粒,입
仍,잉
剩,잉
孕,잉
芿,잉
仔,자
刺,자
咨,자
姉,자
姿,자
子,자
字,자
孜,자
恣,자
慈,자
滋,자
炙,자
煮,자
玆,자
瓷,자
疵,자
磁,자
紫,자
者,자
自,자
茨,자
蔗,자
藉,자
諮,자
資,자
雌,자
作,작
勺,작
嚼,작
斫,작
昨,작
灼,작
炸,작
爵,작
綽,작
芍,작
酌,작
雀,작
鵲,작
孱,잔
棧,잔
殘,잔
潺,잔
盞,잔
岑,잠
暫,잠
潛,잠
箴,잠
簪,잠
蠶,잠
雜,잡
丈,장
仗,장
匠,장
場,장
墻,장
壯,장
奬,장
將,장
帳,장
庄,장
張,장
掌,장
暲,장
杖,장
樟,장
檣,장
欌,장
漿,장
牆,장
狀,장
獐,장
璋,장
章,장
粧,장
腸,장
臟,장
臧,장
莊,장
葬,장
蔣,장
薔,장
藏,장
裝,장
贓,장
醬,장
長,장
障,장
再,재
哉,재
在,재
宰,재
才,재
材,재
栽,재
梓,재
渽,재
滓,재
災,재
縡,재
裁,재
財,재
載,재
齋,재
齎,재
爭,쟁
箏,쟁
諍,쟁
錚,쟁
佇,저
低,저
儲,저
咀,저
姐,저
底,저
抵,저
杵,저
楮,저
樗,저
沮,저
渚,저
狙,저
猪,저
疽,저
箸,저
紵,저
苧,저
菹,저
著,저
藷,저
詛,저
貯,저
躇,저
這,저
邸,저
雎,저
齟,저
勣,적
吊,적
嫡,적
寂,적
摘,적
敵,적
滴,적
狄,적
炙,적
的,적
積,적
笛,적
籍,적
績,적
翟,적
荻,적
謫,적
賊,적
赤,적
跡,적
蹟,적
迪,적
迹,적
適,적
鏑,적
佃,전
佺,전
傳,전
全,전
典,전
前,전
剪,전
塡,전
塼,전
奠,전
專,전
展,전
廛,전
悛,전
戰,전
栓,전
殿,전
氈,전
澱,전
煎,전
琠,전
田,전
甸,전
畑,전
癲,전
筌,전
箋,전
箭,전
篆,전
纏,전
詮,전
輾,전
轉,전
鈿,전
銓,전
錢,전
鐫,전
電,전
顚,전
顫,전
餞,전
切,절
截,절
折,절
浙,절
癤,절
竊,절
節,절
絶,절
占,점
岾,점
店,점
漸,점
点,점
粘,점
霑,점
鮎,점
點,점
接,접
摺,접
蝶,접
丁,정
井,정
亭,정
停,정
偵,정
呈,정
姃,정
定,정
幀,정
庭,정
廷,정
征,정
情,정
挺,정
政,정
整,정
旌,정
晶,정
晸,정
柾,정
楨,정
檉,정
正,정
汀,정
淀,정
淨,정
渟,정
湞,정
瀞,정
炡,정
玎,정
珽,정
町,정
睛,정
碇,정
禎,정
程,정
穽,정
精,정
綎,정
艇,정
訂,정
諪,정
貞,정
鄭,정
酊,정
釘,정
鉦,정
鋌,정
錠,정
霆,정
靖,정
靜,정
頂,정
鼎,정
制,제
劑,제
啼,제
堤,제
帝,제
弟,제
悌,제
提,제
梯,제
濟,제
祭,제
第,제
臍,제
薺,제
製,제
諸,제
蹄,제
醍,제
除,제
際,제
霽,제
題,제
齊,제
俎,조
兆,조
凋,조
助,조
嘲,조
弔,조
彫,조
措,조
操,조
早,조
晁,조
曺,조
曹,조
朝,조
條,조
棗,조
槽,조
漕,조
潮,조
照,조
燥,조
爪,조
璪,조
眺,조
祖,조
祚,조
租,조
稠,조
窕,조
粗,조
糟,조
組,조
繰,조
肇,조
藻,조
蚤,조
詔,조
調,조
趙,조
躁,조
造,조
遭,조
釣,조
阻,조
雕,조
鳥,조
族,족
簇,족
足,족
鏃,족
存,존
尊,존
卒,졸
拙,졸
猝,졸
倧,종
宗,종
從,종
悰,종
慫,종
棕,종
淙,종
琮,종
種,종
終,종
綜,종
縱,종
腫,종
踪,종
踵,종
鍾,종
鐘,종
佐,좌
坐,좌
左,좌
座,좌
挫,좌
罪,죄
主,주
住,주
侏,주
做,주
姝,주
胄,주
呪,주
周,주
嗾,주
奏,주
宙,주
州,주
廚,주
晝,주
朱,주
柱,주
株,주
注,주
洲,주
湊,주
澍,주
炷,주
珠,주
疇,주
籌,주
紂,주
紬,주
綢,주
舟,주
蛛,주
註,주
誅,주
走,주
躊,주
輳,주
週,주
酎,주
酒,주
鑄,주
駐,주
竹,죽
粥,죽
俊,준
儁,준
准,준
埈,준
寯,준
峻,준
晙,준
樽,준
浚,준
準,준
濬,준
焌,준
畯,준
竣,준
蠢,준
逡,준
遵,준
雋,준
駿,준
茁,줄
中,중
仲,중
衆,중
重,중
卽,즉
櫛,즐
楫,즙
汁,즙
葺,즙
增,증
憎,증
曾,증
拯,증
烝,증
甑,증
症,증
繒,증
蒸,증
證,증
贈,증
之,지
只,지
咫,지
地,지
址,지
志,지
持,지
指,지
摯,지
支,지
旨,지
智,지
枝,지
枳,지
止,지
池,지
沚,지
漬,지
知,지
砥,지
祉,지
祗,지
紙,지
肢,지
脂,지
至,지
芝,지
芷,지
蜘,지
誌,지
識,지
贄,지
趾,지
遲,지
直,직
稙,직
稷,직
織,직
職,직
唇,진
嗔,진
塵,진
振,진
搢,진
晉,진
晋,진
桭,진
榛,진
殄,진
津,진
溱,진
珍,진
瑨,진
璡,진
畛,진
疹,진
盡,진
眞,진
瞋,진
秦,진
縉,진
縝,진
臻,진
蔯,진
袗,진
診,진
賑,진
軫,진
辰,진
進,진
鎭,진
陣,진
陳,진
震,진
侄,질
叱,질
姪,질
嫉,질
帙,질
桎,질
瓆,질
疾,질
秩,질
窒,질
膣,질
蛭,질
質,질
跌,질
迭,질
斟,짐
朕,짐
什,집
執,집
潗,집
緝,집
輯,집
鏶,집
集,집
徵,징
懲,징
澄,징
且,차
侘,차
借,차
叉,차
嗟,차
嵯,차
差,차
次,차
此,차
磋,차
箚,차
茶,차
蹉,차
車,차
遮,차
捉,착
搾,착
着,착
窄,착
錯,착
鑿,착
齪,착
撰,찬
澯,찬
燦,찬
璨,찬
瓚,찬
竄,찬
簒,찬
纂,찬
粲,찬
纘,찬
讚,찬
贊,찬
鑽,찬
餐,찬
饌,찬
刹,찰
察,찰
擦,찰
札,찰
紮,찰
僭,참
參,참
塹,참
慘,참
慙,참
懺,참
斬,참
站,참
讒,참
讖,참
倉,창
倡,창
創,창
唱,창
娼,창
廠,창
彰,창
愴,창
敞,창
昌,창
昶,창
暢,창
槍,창
滄,창
漲,창
猖,창
瘡,창
窓,창
脹,창
艙,창
菖,창
蒼,창
債,채
埰,채
寀,채
寨,채
彩,채
採,채
砦,채
綵,채
菜,채
蔡,채
采,채
釵,채
冊,책
柵,책
策,책
責,책
凄,처
妻,처
悽,처
處,처
倜,척
刺,척
剔,척
尺,척
慽,척
戚,척
拓,척
擲,척
斥,척
滌,척
瘠,척
脊,척
蹠,척
陟,척
隻,척
仟,천
千,천
喘,천
天,천
川,천
擅,천
泉,천
淺,천
玔,천
穿,천
舛,천
薦,천
賤,천
踐,천
遷,천
釧,천
闡,천
阡,천
韆,천
凸,철
哲,철
喆,철
徹,철
撤,철
澈,철
綴,철
輟,철
轍,철
鐵,철
僉,첨
尖,첨
沾,첨
添,첨
甛,첨
瞻,첨
簽,첨
籤,첨
詹,첨
諂,첨
堞,첩
妾,첩
帖,첩
捷,첩
牒,첩
疊,첩
睫,첩
諜,첩
貼,첩
輒,첩
廳,청
晴,청
淸,청
聽,청
菁,청
請,청
靑,청
鯖,청
切,체
剃,체
替,체
涕,체
滯,체
締,체
諦,체
逮,체
遞,체
體,체
初,초
剿,초
哨,초
憔,초
抄,초
招,초
梢,초
椒,초
楚,초
樵,초
炒,초
焦,초
硝,초
礁,초
礎,초
秒,초
稍,초
肖,초
艸,초
苕,초
草,초
蕉,초
貂,초
超,초
酢,초
醋,초
醮,초
促,촉
囑,촉
燭,촉
矗,촉
蜀,촉
觸,촉
寸,촌
忖,촌
村,촌
邨,촌
叢,총
塚,총
寵,총
悤,총
憁,총
摠,총
總,총
聰,총
蔥,총
銃,총
撮,촬
催,최
崔,최
最,최
墜,추
抽,추
推,추
椎,추
楸,추
樞,추
湫,추
皺,추
秋,추
芻,추
萩,추
諏,추
趨,추
追,추
鄒,추
酋,추
醜,추
錐,추
錘,추
鎚,추
雛,추
騶,추
鰍,추
丑,축
畜,축
祝,축
竺,축
筑,축
築,축
縮,축
蓄,축
蹙,축
蹴,축
軸,축
逐,축
春,춘
椿,춘
瑃,춘
出,출
朮,출
黜,출
充,충
忠,충
沖,충
蟲,충
衝,충
衷,충
悴,췌
膵,췌
萃,췌
贅,취
取,취
吹,취
嘴,취
娶,취
就,취
炊,취
翠,취
聚,취
脆,취
臭,취
趣,취
醉,취
驟,취
鷲,취
側,측
仄,측
厠,측
惻,측
測,측
層,층
侈,치
値,치
嗤,치
峙,치
幟,치
恥,치
梔,치
治,치
淄,치
熾,치
痔,치
痴,치
癡,치
稚,치
穉,치
緇,치
緻,치
置,치
致,치
蚩,치
輜,치
雉,치
馳,치
齒,치
則,칙
勅,칙
飭,칙
親,친
七,칠
柒,칠
漆,칠
侵,침
寢,침
枕,침
沈,침
浸,침
琛,침
砧,침
針,침
鍼,침
蟄,칩
秤,칭
稱,칭
快,쾌
他,타
咤,타
唾,타
墮,타
妥,타
惰,타
打,타
拖,타
朶,타
楕,타
舵,타
陀,타
馱,타
駝,타
倬,탁
卓,탁
啄,탁
坼,탁
度,탁
托,탁
拓,탁
擢,탁
晫,탁
柝,탁
濁,탁
濯,탁
琢,탁
琸,탁
託,탁
鐸,탁
呑,탄
嘆,탄
坦,탄
彈,탄
憚,탄
歎,탄
灘,탄
炭,탄
綻,탄
誕,탄
奪,탈
脫,탈
探,탐
眈,탐
耽,탐
貪,탐
塔,탑
搭,탑
榻,탑
宕,탕
帑,탕
湯,탕
糖,탕
蕩,탕
兌,태
台,태
太,태
怠,태
態,태
殆,태
汰,태
泰,태
笞,태
胎,태
苔,태
跆,태
邰,태
颱,태
宅,택
擇,택
澤,택
撑,탱
攄,터
兎,토
吐,토
土,토
討,토
慟,통
桶,통
洞,통
痛,통
筒,통
統,통
通,통
堆,퇴
槌,퇴
腿,퇴
褪,퇴
退,퇴
頹,퇴
偸,투
套,투
妬,투
投,투
透,투
鬪,투
慝,특
特,특
闖,틈
坡,파
婆,파
巴,파
把,파
播,파
擺,파
杷,파
波,파
派,파
爬,파
琶,파
破,파
罷,파
芭,파
跛,파
頗,파
判,판
坂,판
板,판
版,판
瓣,판
販,판
辦,판
鈑,판
阪,판
八,팔
叭,팔
捌,팔
佩,패
唄,패
悖,패
敗,패
沛,패
浿,패
牌,패
狽,패
稗,패
覇,패
貝,패
彭,팽
澎,팽
烹,팽
膨,팽
愎,퍅
便,편
偏,편
扁,편
片,편
篇,편
編,편
翩,편
遍,편
鞭,편
騙,편
貶,폄
坪,평
平,평
枰,평
萍,평
評,평
吠,폐
嬖,폐
幣,폐
廢,폐
弊,폐
斃,폐
肺,폐
蔽,폐
閉,폐
陛,폐
佈,포
包,포
匍,포
匏,포
咆,포
哺,포
圃,포
布,포
怖,포
抛,포
抱,포
捕,포
暴,포
泡,포
浦,포
疱,포
砲,포
胞,포
脯,포
苞,포
葡,포
蒲,포
袍,포
褒,포
逋,포
鋪,포
飽,포
鮑,포
幅,폭
暴,폭
曝,폭
瀑,폭
爆,폭
輻,폭
俵,표
剽,표
彪,표
慓,표
杓,표
標,표
漂,표
瓢,표
票,표
表,표
豹,표
飇,표
飄,표
驃,표
品,품
稟,품
楓,풍
諷,풍
豊,풍
風,풍
馮,풍
彼,피
披,피
疲,피
皮,피
被,피
避,피
陂,피
匹,필
弼,필
必,필
泌,필
珌,필
畢,필
疋,필
筆,필
苾,필
馝,필
乏,핍
逼,핍
下,하
何,하
厦,하
夏,하
廈,하
昰,하
河,하
瑕,하
荷,하
蝦,하
賀,하
遐,하
霞,하
鰕,하
壑,학
學,학
虐,학
謔,학
鶴,학
寒,한
恨,한
悍,한
旱,한
汗,한
漢,한
澣,한
瀚,한
罕,한
翰,한
閑,한
閒,한
限,한
韓,한
割,할
轄,할
函,함
含,함
咸,함
啣,함
喊,함
檻,함
涵,함
緘,함
艦,함
銜,함
陷,함
鹹,함
合,합
哈,합
盒,합
蛤,합
閤,합
闔,합
陜,합
亢,항
伉,항
姮,항
嫦,항
巷,항
恒,항
抗,항
杭,항
桁,항
沆,항
港,항
缸,항
肛,항
航,항
行,항
降,항
項,항
亥,해
偕,해
咳,해
垓,해
奚,해
孩,해
害,해
懈,해
楷,해
海,해
瀣,해
蟹,해
解,해
該,해
諧,해
邂,해
駭,해
骸,해
劾,핵
核,핵
倖,행
幸,행
杏,행
荇,행
行,행
享,향
向,향
嚮,향
珦,향
鄕,향
響,향
餉,향
饗,향
香,향
噓,허
墟,허
虛,허
許,허
憲,헌
櫶,헌
獻,헌
軒,헌
歇,헐
險,험
驗,험
奕,혁
爀,혁
赫,혁
革,혁
俔,현
峴,현
弦,현
懸,현
晛,현
泫,현
炫,현
玄,현
玹,현
現,현
眩,현
睍,현
絃,현
絢,현
縣,현
舷,현
衒,현
見,현
賢,현
鉉,현
顯,현
孑,혈
穴,혈
血,혈
頁,혈
嫌,혐
俠,협
協,협
夾,협
峽,협
挾,협
浹,협
狹,협
脅,협
脇,협
莢,협
鋏,협
頰,협
亨,형
兄,형
刑,형
型,형
形,형
泂,형
滎,형
瀅,형
灐,형
炯,형
熒,형
珩,형
瑩,형
荊,형
螢,형
衡,형
逈,형
邢,형
鎣,형
馨,형
兮,혜
彗,혜
惠,혜
慧,혜
暳,혜
蕙,혜
蹊,혜
醯,혜
鞋,혜
乎,호
互,호
呼,호
壕,호
壺,호
好,호
岵,호
弧,호
戶,호
扈,호
昊,호
晧,호
毫,호
浩,호
淏,호
湖,호
滸,호
澔,호
濠,호
濩,호
灝,호
狐,호
琥,호
瑚,호
瓠,호
皓,호
祜,호
糊,호
縞,호
胡,호
芦,호
葫,호
蒿,호
虎,호
號,호
蝴,호
護,호
豪,호
鎬,호
頀,호
顥,호
惑,혹
或,혹
酷,혹
婚,혼
昏,혼
混,혼
渾,혼
琿,혼
魂,혼
忽,홀
惚,홀
笏,홀
哄,홍
弘,홍
汞,홍
泓,홍
洪,홍
烘,홍
紅,홍
虹,홍
訌,홍
鴻,홍
化,화
和,화
嬅,화
樺,화
火,화
畵,화
禍,화
禾,화
花,화
華,화
話,화
譁,화
貨,화
靴,화
廓,확
擴,확
攫,확
確,확
碻,확
穫,확
丸,환
喚,환
奐,환
宦,환
幻,환
患,환
換,환
歡,환
晥,환
桓,환
渙,환
煥,환
環,환
紈,환
還,환
驩,환
鰥,환
活,활
滑,활
猾,활
豁,활
闊,활
凰,황
幌,황
徨,황
恍,황
惶,황
愰,황
慌,황
晃,황
晄,황
榥,황
況,황
湟,황
滉,황
潢,황
煌,황
璜,황
皇,황
篁,황
簧,황
荒,황
蝗,황
遑,황
隍,황
黃,황
匯,회
回,회
廻,회
徊,회
恢,회
悔,회
懷,회
晦,회
會,회
檜,회
淮,회
澮,회
灰,회
獪,회
繪,회
膾,회
茴,회
蛔,회
誨,회
賄,회
劃,획
獲,획
宖,횡
橫,횡
鐄,횡
哮,효
嚆,효
孝,효
效,효
斅,효
曉,효
梟,효
涍,효
淆,효
爻,효
肴,효
酵,효
驍,효
侯,후
候,후
厚,후
后,후
吼,후
喉,후
嗅,후
帿,후
後,후
朽,후
煦,후
珝,후
逅,후
勛,훈
勳,훈
塤,훈
壎,훈
焄,훈
熏,훈
燻,훈
薰,훈
訓,훈
暈,훈
薨,훙
喧,훤
暄,훤
煊,훤
萱,훤
卉,훼
喙,훼
毁,훼
彙,휘
徽,휘
揮,휘
暉,휘
煇,휘
諱,휘
輝,휘
麾,휘
休,휴
携,휴
烋,휴
畦,휴
虧,휴
恤,휼
譎,휼
鷸,휼
兇,흉
凶,흉
匈,흉
洶,흉
胸,흉
黑,흑
昕,흔
欣,흔
炘,흔
痕,흔
吃,흘
屹,흘
紇,흘
訖,흘
欠,흠
欽,흠
歆,흠
吸,흡
恰,흡
洽,흡
翕,흡
興,흥
僖,희
凞,희
喜,희
噫,희
囍,희
姬,희
嬉,희
希,희
憙,희
憘,희
戱,희
晞,희
曦,희
熙,희
熹,희
熺,희
犧,희
禧,희
稀,희
羲,희
詰,힐
