あう,央,名詞
あう,桜,名詞
あう,櫻,名詞
あう,鸚,名詞
あう,奥,名詞
あう,奧,名詞
あう,襖,名詞
あう,墺,名詞
あう,鶯,名詞
あう,鴦,名詞
あう,媼,名詞
あふ,凹,名詞
あふ,圧,名詞
あふ,壓,名詞
あふ,押,名詞
あふ,鴨,名詞
いう,又,名詞
いう,尤,名詞
いう,友,名詞
いう,右,名詞
いう,佑,名詞
いう,祐,名詞
いう,由,名詞
いう,柚,名詞
いう,釉,名詞
いう,有,名詞
いう,侑,名詞
いう,宥,名詞
いう,幽,名詞
いう,悠,名詞
いう,郵,名詞
いう,酉,名詞
いう,猶,名詞
いう,楢,名詞
いう,遊,名詞
いう,游,名詞
いう,誘,名詞
いう,憂,名詞
いう,優,名詞
いふ,邑,名詞
いふ,揖,名詞
うぃ,位,名詞
うぃ,囲,名詞
うぃ,圍,名詞
うぃ,委,名詞
うぃ,萎,名詞
うぃ,威,名詞
うぃ,為,名詞
うぃ,爲,名詞
うぃ,畏,名詞
うぃ,胃,名詞
うぃ,謂,名詞
うぃ,蝟,名詞
うぃ,韋,名詞
うぃ,偉,名詞
うぃ,葦,名詞
うぃ,違,名詞
うぃ,緯,名詞
うぃ,唯,名詞
うぃ,惟,名詞
うぃ,帷,名詞
うぃ,維,名詞
うぃ,尉,名詞
うぃ,慰,名詞
うぃ,彙,名詞
うぃ,遺,名詞
うぃき,或,名詞
うぃき,域,名詞
うぃき,閾,名詞
うぃく,彧,名詞
うぃく,煜,名詞
うぃく,粥,名詞
うぃく,鬻,名詞
うぃん,尹,名詞
うぃん,韻,名詞
うぃん,員,名詞
うぃん,院,名詞
うぇ,回,名詞
うぇ,囘,名詞
うぇ,会,名詞
うぇ,會,名詞
うぇ,廻,名詞
うぇ,絵,名詞
うぇ,繪,名詞
うぇ,壊,名詞
うぇ,壞,名詞
うぇ,恵,名詞
うぇ,惠,名詞
うぇ,慧,名詞
うぇ,淮,名詞
うぇ,衛,名詞
うぇ,衞,名詞
うぇ,穢,名詞
うぇい,衛,名詞
うぇい,衞,名詞
うぇち,越,名詞
うぇっ,曰,名詞
うぇっ,戉,名詞
うぇっ,越,名詞
うぇっ,鉞,名詞
うぇっ,粤,名詞
うぇつ,曰,名詞
うぇつ,戉,名詞
うぇつ,越,名詞
うぇつ,鉞,名詞
うぇつ,粤,名詞
うぇん,円,名詞
うぇん,圓,名詞
うぇん,宛,名詞
うぇん,苑,名詞
うぇん,怨,名詞
うぇん,婉,名詞
うぇん,豌,名詞
うぇん,鴛,名詞
うぇん,袁,名詞
うぇん,遠,名詞
うぇん,猿,名詞
うぇん,園,名詞
うぇん,薗,名詞
うぇん,淵,名詞
うぇん,援,名詞
うぇん,媛,名詞
うぇん,垣,名詞
うぇん,冤,名詞
えう,夭,名詞
えう,妖,名詞
えう,幼,名詞
えう,拗,名詞
えう,要,名詞
えう,腰,名詞
えう,揺,名詞
えう,搖,名詞
えう,瑶,名詞
えう,瑤,名詞
えう,遥,名詞
えう,遙,名詞
えう,謡,名詞
えう,謠,名詞
えう,窯,名詞
えう,曜,名詞
えう,燿,名詞
えう,耀,名詞
えう,邀,名詞
えう,杳,名詞
えふ,葉,名詞
おふ,邑,名詞
かう,亢,名詞
かう,坑,名詞
かう,抗,名詞
かう,杭,名詞
かう,航,名詞
かう,江,名詞
かう,巧,名詞
かう,肛,名詞
かう,項,名詞
かう,腔,名詞
かう,亨,名詞
かう,交,名詞
かう,効,名詞
かう,效,名詞
かう,狡,名詞
かう,咬,名詞
かう,校,名詞
かう,皎,名詞
かう,郊,名詞
かう,絞,名詞
かう,鮫,名詞
かう,向,名詞
かう,仰,名詞
かう,昂,名詞
かう,好,名詞
かう,行,名詞
かう,桁,名詞
かう,考,名詞
かう,孝,名詞
かう,酵,名詞
かう,更,名詞
かう,梗,名詞
かう,硬,名詞
かう,幸,名詞
かう,倖,名詞
かう,肴,名詞
かう,庚,名詞
かう,康,名詞
かう,巷,名詞
かう,港,名詞
かう,香,名詞
かう,浩,名詞
かう,皓,名詞
かう,耕,名詞
かう,高,名詞
かう,髙,名詞
かう,稿,名詞
かう,縞,名詞
かう,藁,名詞
かう,岡,名詞
かう,綱,名詞
かう,鋼,名詞
かう,膏,名詞
かう,降,名詞
かう,黄,名詞
かう,膠,名詞
かう,衡,名詞
かう,耗,名詞
かう,睾,名詞
かう,講,名詞
かう,昊,名詞
かう,皋,名詞
かう,皐,名詞
かふ,甲,名詞
かふ,岬,名詞
かふ,合,名詞
かふ,恰,名詞
かふ,閤,名詞
かふ,閘,名詞
がう,江,名詞
がう,好,名詞
がう,降,名詞
がう,号,名詞
がう,號,名詞
がう,拷,名詞
がう,剛,名詞
がう,郷,名詞
がう,鄕,名詞
がう,強,名詞
がう,豪,名詞
がう,濠,名詞
がう,壕,名詞
がう,毫,名詞
がう,傲,名詞
がう,囂,名詞
がう,轟,名詞
がふ,合,名詞
きう,九,名詞
きう,仇,名詞
きう,鳩,名詞
きう,究,名詞
きう,久,名詞
きう,玖,名詞
きう,灸,名詞
きう,柩,名詞
きう,丘,名詞
きう,旧,名詞
きう,舊,名詞
きう,臼,名詞
きう,休,名詞
きう,朽,名詞
きう,求,名詞
きう,救,名詞
きう,球,名詞
きう,毬,名詞
きう,裘,名詞
きう,糾,名詞
きう,嗅,名詞
きう,厩,名詞
きう,廏,名詞
きう,廐,名詞
きっ,給,名詞
きつ,給,名詞
きふ,及,名詞
きふ,汲,名詞
きふ,吸,名詞
きふ,級,名詞
きふ,笈,名詞
きふ,泣,名詞
きふ,急,名詞
きふ,給,名詞
きゃ,脚,名詞
きゃう,兄,名詞
きゃう,況,名詞
きゃう,匡,名詞
きゃう,向,名詞
きゃう,狂,名詞
きゃう,誑,名詞
きゃう,京,名詞
きゃう,景,名詞
きゃう,亨,名詞
きゃう,享,名詞
きゃう,杏,名詞
きゃう,香,名詞
きゃう,馨,名詞
きゃう,強,名詞
きゃう,経,名詞
きゃう,經,名詞
きゃう,軽,名詞
きゃう,輕,名詞
きゃう,競,名詞
きゃう,竟,名詞
きゃう,境,名詞
きゃう,鏡,名詞
きゃう,郷,名詞
きゃう,鄕,名詞
きゃう,響,名詞
きゃう,饗,名詞
きゃう,卿,名詞
きゃう,敬,名詞
きゃう,警,名詞
きゃう,驚,名詞
きゃう,梗,名詞
きや,伽,名詞
きや,脚,名詞
きやう,兄,名詞
きやう,況,名詞
きやう,匡,名詞
きやう,向,名詞
きやう,狂,名詞
きやう,誑,名詞
きやう,京,名詞
きやう,景,名詞
きやう,亨,名詞
きやう,享,名詞
きやう,杏,名詞
きやう,香,名詞
きやう,馨,名詞
きやう,強,名詞
きやう,経,名詞
きやう,經,名詞
きやう,軽,名詞
きやう,輕,名詞
きやう,競,名詞
きやう,竟,名詞
きやう,境,名詞
きやう,鏡,名詞
きやう,郷,名詞
きやう,鄕,名詞
きやう,響,名詞
きやう,饗,名詞
きやう,卿,名詞
きやう,敬,名詞
きやう,警,名詞
きやう,驚,名詞
きやう,梗,名詞
きやく,却,名詞,名詞
きやく,卻,名詞
きやく,脚,名詞
きやく,客,名詞
きゆう,弓,名詞
きゆう,穹,名詞
きゆう,躬,名詞
きゆう,窮,名詞
きゆう,宮,名詞
きよ,去,名詞
きよ,居,名詞
きよ,鋸,名詞
きよ,据,名詞
きよ,裾,名詞
きよ,倨,名詞
きよ,踞,名詞
きよ,巨,名詞
きよ,拒,名詞
きよ,渠,名詞
きよ,距,名詞
きよ,炬,名詞
きよ,秬,名詞
きよ,苣,名詞
きよ,鉅,名詞
きよ,虚,名詞
きよ,嘘,名詞
きよ,墟,名詞
きよ,歔,名詞
きよ,據,名詞
きよ,拠,名詞
きよ,醵,名詞
きよ,遽,名詞
きよ,擧,名詞
きよ,挙,名詞
きよ,舉,名詞
きよ,欅,名詞
きよ,筥,名詞
きよ,許,名詞
きよう,凶,名詞
きよう,兇,名詞
きよう,共,名詞
きよう,供,名詞
きよう,拱,名詞
きよう,胸,名詞
きよう,恐,名詞
きよう,跫,名詞
きよう,興,名詞
きよう,矜,名詞
きよう,恭,名詞
きよく,旭,名詞
きよく,局,名詞
きよく,跼,名詞
きよく,曲,名詞
きよく,髷,名詞
きよく,亟,名詞
きよく,極,名詞
きよく,棘,名詞
きよく,蕀,名詞
きよく,洫,名詞
ぎう,牛,名詞
ぎっ,牛,名詞
ぎつ,牛,名詞
ぎゃ,脚,名詞
ぎゃう,仰,名詞
ぎゃう,行,名詞
ぎゃう,刑,名詞
ぎゃう,形,名詞
ぎゃう,杏,名詞
ぎや,脚,名詞
ぎやう,仰,名詞
ぎやう,行,名詞
ぎやう,刑,名詞
ぎやう,形,名詞
ぎやう,杏,名詞
ぎやく,虐,名詞
ぎやく,瘧,名詞
ぎやく,謔,名詞
ぎやく,逆,名詞
ぎよ,魚,名詞
ぎよ,漁,名詞
ぎよ,御,名詞
ぎよ,禦,名詞
ぎよ,馭,名詞
ぎよう,凝,名詞
ぎよく,曲,名詞
ぎよく,玉,名詞
ぎよく,嶷,名詞
くぁ,火,名詞
くぁ,戈,名詞
くぁ,化,名詞
くぁ,花,名詞
くぁ,華,名詞
くぁ,嘩,名詞
くぁ,樺,名詞
くぁ,譁,名詞
くぁ,訛,名詞
くぁ,靴,名詞
くぁ,貨,名詞
くぁ,禾,名詞
くぁ,科,名詞
くぁ,蝌,名詞
くぁ,過,名詞
くぁ,渦,名詞
くぁ,蝸,名詞
くぁ,禍,名詞
くぁ,鍋,名詞
くぁ,窩,名詞
くぁ,瓜,名詞
くぁ,和,名詞
くぁ,果,名詞
くぁ,菓,名詞
くぁ,課,名詞
くぁ,顆,名詞
くぁ,寡,名詞
くぁい,回,名詞
くぁい,囘,名詞
くぁい,徊,名詞
くぁい,廻,名詞
くぁい,灰,名詞
くぁい,恢,名詞
くぁい,詼,名詞
くぁい,乖,名詞
くぁい,会,名詞
くぁい,會,名詞
くぁい,檜,名詞
くぁい,桧,名詞
くぁい,絵,名詞
くぁい,繪,名詞
くぁい,快,名詞
くぁい,怪,名詞
くぁい,悔,名詞
くぁい,晦,名詞
くぁい,誨,名詞
くぁい,傀,名詞
くぁい,塊,名詞
くぁい,隗,名詞
くぁい,瑰,名詞
くぁい,槐,名詞
くぁい,魁,名詞
くぁい,潰,名詞
くぁい,壊,名詞
くぁい,壞,名詞
くぁい,懐,名詞
くぁい,懷,名詞
くぁう,広,名詞
くぁう,廣,名詞
くぁう,曠,名詞
くぁう,宏,名詞
くぁう,紘,名詞
くぁう,肱,名詞
くぁう,鉱,名詞
くぁう,鑛,名詞
くぁう,黄,名詞
くぁう,光,名詞
くぁう,恍,名詞
くぁう,洸,名詞
くぁう,晄,名詞
くぁう,晃,名詞
くぁう,幌,名詞
くぁう,滉,名詞
くぁう,皇,名詞
くぁう,煌,名詞
くぁう,荒,名詞
くぁう,慌,名詞
くぁく,画,名詞
くぁく,畫,名詞
くぁく,劃,名詞
くぁく,拡,名詞
くぁく,擴,名詞
くぁく,郭,名詞
くぁく,廓,名詞
くぁく,霍,名詞
くぁく,穫,名詞
くぁく,獲,名詞
くぁく,攫,名詞
くぁく,掴,名詞
くぁっ,活,名詞
くぁっ,括,名詞
くぁっ,刮,名詞
くぁっ,筈,名詞
くぁっ,闊,名詞
くぁっ,滑,名詞
くぁっ,猾,名詞
くぁっ,豁,名詞
くぁつ,活,名詞
くぁつ,括,名詞
くぁつ,刮,名詞
くぁつ,筈,名詞
くぁつ,闊,名詞
くぁつ,滑,名詞
くぁつ,猾,名詞
くぁつ,豁,名詞
くぁん,完,名詞
くぁん,浣,名詞
くぁん,莞,名詞
くぁん,官,名詞
くぁん,棺,名詞
くぁん,管,名詞
くぁん,館,名詞
くぁん,舘,名詞
くぁん,冠,名詞
くぁん,巻,名詞
くぁん,卷,名詞
くぁん,串,名詞
くぁん,患,名詞
くぁん,貫,名詞
くぁん,慣,名詞
くぁん,換,名詞
くぁん,喚,名詞
くぁん,渙,名詞
くぁん,款,名詞
くぁん,寛,名詞
くぁん,寬,名詞
くぁん,関,名詞
くぁん,關,名詞
くぁん,緩,名詞
くぁん,環,名詞
くぁん,還,名詞
くぁん,勧,名詞
くぁん,勸,名詞
くぁん,歓,名詞
くぁん,歡,名詞
くぁん,観,名詞
くぁん,觀,名詞
くぁん,灌,名詞
くぁん,鑵,名詞
くぁん,罐,名詞
くぁん,斡,名詞
くぁん,缶,名詞
くぁん,菅,名詞
くゎ,火,名詞
くゎ,戈,名詞
くゎ,化,名詞
くゎ,花,名詞
くゎ,華,名詞
くゎ,嘩,名詞
くゎ,樺,名詞
くゎ,譁,名詞
くゎ,訛,名詞
くゎ,靴,名詞
くゎ,貨,名詞
くゎ,禾,名詞
くゎ,科,名詞
くゎ,蝌,名詞
くゎ,過,名詞
くゎ,渦,名詞
くゎ,蝸,名詞
くゎ,禍,名詞
くゎ,鍋,名詞
くゎ,窩,名詞
くゎ,瓜,名詞
くゎ,和,名詞
くゎ,果,名詞
くゎ,菓,名詞
くゎ,課,名詞
くゎ,顆,名詞
くゎ,寡,名詞
くゎい,回,名詞
くゎい,囘,名詞
くゎい,徊,名詞
くゎい,廻,名詞
くゎい,灰,名詞
くゎい,恢,名詞
くゎい,詼,名詞
くゎい,乖,名詞
くゎい,会,名詞
くゎい,會,名詞
くゎい,檜,名詞
くゎい,桧,名詞
くゎい,絵,名詞
くゎい,繪,名詞
くゎい,快,名詞
くゎい,怪,名詞
くゎい,悔,名詞
くゎい,晦,名詞
くゎい,誨,名詞
くゎい,傀,名詞
くゎい,塊,名詞
くゎい,隗,名詞
くゎい,瑰,名詞
くゎい,槐,名詞
くゎい,魁,名詞
くゎい,潰,名詞
くゎい,壊,名詞
くゎい,壞,名詞
くゎい,懐,名詞
くゎい,懷,名詞
くゎう,広,名詞
くゎう,廣,名詞
くゎう,曠,名詞
くゎう,宏,名詞
くゎう,紘,名詞
くゎう,肱,名詞
くゎう,鉱,名詞
くゎう,鑛,名詞
くゎう,黄,名詞
くゎう,光,名詞
くゎう,恍,名詞
くゎう,洸,名詞
くゎう,晄,名詞
くゎう,晃,名詞
くゎう,幌,名詞
くゎう,滉,名詞
くゎう,皇,名詞
くゎう,煌,名詞
くゎう,荒,名詞
くゎう,慌,名詞
くゎく,画,名詞
くゎく,畫,名詞
くゎく,劃,名詞
くゎく,拡,名詞
くゎく,擴,名詞
くゎく,郭,名詞
くゎく,廓,名詞
くゎく,霍,名詞
くゎく,穫,名詞
くゎく,獲,名詞
くゎく,攫,名詞
くゎく,掴,名詞
くゎっ,活,名詞
くゎっ,括,名詞
くゎっ,刮,名詞
くゎっ,筈,名詞
くゎっ,闊,名詞
くゎっ,滑,名詞
くゎっ,猾,名詞
くゎっ,豁,名詞
くゎつ,活,名詞
くゎつ,括,名詞
くゎつ,刮,名詞
くゎつ,筈,名詞
くゎつ,闊,名詞
くゎつ,滑,名詞
くゎつ,猾,名詞
くゎつ,豁,名詞
くゎん,完,名詞
くゎん,浣,名詞
くゎん,莞,名詞
くゎん,官,名詞
くゎん,棺,名詞
くゎん,管,名詞
くゎん,館,名詞
くゎん,舘,名詞
くゎん,冠,名詞
くゎん,巻,名詞
くゎん,卷,名詞
くゎん,串,名詞
くゎん,患,名詞
くゎん,貫,名詞
くゎん,慣,名詞
くゎん,換,名詞
くゎん,喚,名詞
くゎん,渙,名詞
くゎん,款,名詞
くゎん,寛,名詞
くゎん,寬,名詞
くゎん,関,名詞
くゎん,關,名詞
くゎん,緩,名詞
くゎん,環,名詞
くゎん,還,名詞
くゎん,勧,名詞
くゎん,勸,名詞
くゎん,歓,名詞
くゎん,歡,名詞
くゎん,観,名詞
くゎん,觀,名詞
くゎん,灌,名詞
くゎん,鑵,名詞
くゎん,罐,名詞
くゎん,斡,名詞
くゎん,缶,名詞
くゎん,菅,名詞
くわ,火,名詞
くわ,戈,名詞
くわ,化,名詞
くわ,花,名詞
くわ,華,名詞
くわ,嘩,名詞
くわ,樺,名詞
くわ,譁,名詞
くわ,訛,名詞
くわ,靴,名詞
くわ,貨,名詞
くわ,禾,名詞
くわ,科,名詞
くわ,蝌,名詞
くわ,過,名詞
くわ,渦,名詞
くわ,蝸,名詞
くわ,禍,名詞
くわ,鍋,名詞
くわ,窩,名詞
くわ,瓜,名詞
くわ,和,名詞
くわ,果,名詞
くわ,菓,名詞
くわ,課,名詞
くわ,顆,名詞
くわ,寡,名詞
くわい,回,名詞
くわい,囘,名詞
くわい,徊,名詞
くわい,廻,名詞
くわい,灰,名詞
くわい,恢,名詞
くわい,詼,名詞
くわい,乖,名詞
くわい,会,名詞
くわい,會,名詞
くわい,檜,名詞
くわい,桧,名詞
くわい,絵,名詞
くわい,繪,名詞
くわい,快,名詞
くわい,怪,名詞
くわい,悔,名詞
くわい,晦,名詞
くわい,誨,名詞
くわい,傀,名詞
くわい,塊,名詞
くわい,隗,名詞
くわい,瑰,名詞
くわい,槐,名詞
くわい,魁,名詞
くわい,潰,名詞
くわい,壊,名詞
くわい,壞,名詞
くわい,懐,名詞
くわい,懷,名詞
くわう,広,名詞
くわう,廣,名詞
くわう,曠,名詞
くわう,宏,名詞
くわう,紘,名詞
くわう,肱,名詞
くわう,鉱,名詞
くわう,鑛,名詞
くわう,黄,名詞
くわう,光,名詞
くわう,恍,名詞
くわう,洸,名詞
くわう,晄,名詞
くわう,晃,名詞
くわう,幌,名詞
くわう,滉,名詞
くわう,皇,名詞
くわう,煌,名詞
くわう,荒,名詞
くわう,慌,名詞
くわく,画,名詞
くわく,畫,名詞
くわく,劃,名詞
くわく,拡,名詞
くわく,擴,名詞
くわく,郭,名詞
くわく,廓,名詞
くわく,霍,名詞
くわく,穫,名詞
くわく,獲,名詞
くわく,攫,名詞
くわく,掴,名詞
くわつ,活,名詞
くわつ,括,名詞
くわつ,刮,名詞
くわつ,筈,名詞
くわつ,闊,名詞
くわつ,滑,名詞
くわつ,猾,名詞
くわつ,豁,名詞
くわん,完,名詞
くわん,浣,名詞
くわん,莞,名詞
くわん,官,名詞
くわん,棺,名詞
くわん,管,名詞
くわん,館,名詞
くわん,舘,名詞
くわん,冠,名詞
くわん,巻,名詞
くわん,卷,名詞
くわん,串,名詞
くわん,患,名詞
くわん,貫,名詞
くわん,慣,名詞
くわん,換,名詞
くわん,喚,名詞
くわん,渙,名詞
くわん,款,名詞
くわん,寛,名詞
くわん,寬,名詞
くわん,関,名詞
くわん,關,名詞
くわん,緩,名詞
くわん,環,名詞
くわん,還,名詞
くわん,勧,名詞
くわん,勸,名詞
くわん,歓,名詞
くわん,歡,名詞
くわん,観,名詞
くわん,觀,名詞
くわん,灌,名詞
くわん,鑵,名詞
くわん,罐,名詞
くわん,斡,名詞
くわん,缶,名詞
くわん,菅,名詞
ぐぁ,果,名詞
ぐぁ,瓦,名詞
ぐぁ,画,名詞
ぐぁ,畫,名詞
ぐぁ,臥,名詞
ぐぁい,外,名詞
ぐぁい,巍,名詞
ぐぁう,轟,名詞
ぐぁっ,月,名詞
ぐぁつ,月,名詞
ぐぁん,貫,名詞
ぐぁん,丸,名詞
ぐぁん,元,名詞
ぐぁん,玩,名詞
ぐぁん,頑,名詞
ぐぁん,翫,名詞
ぐぁん,願,名詞
ぐゎ,菓,名詞
ぐゎ,瓦,名詞
ぐゎ,画,名詞
ぐゎ,畫,名詞
ぐゎ,臥,名詞
ぐゎい,外,名詞
ぐゎい,巍,名詞
ぐゎう,轟,名詞
ぐゎっ,月,名詞
ぐゎつ,月,名詞
ぐゎん,貫,名詞
ぐゎん,丸,名詞
ぐゎん,元,名詞
ぐゎん,玩,名詞
ぐゎん,頑,名詞
ぐゎん,翫,名詞
ぐゎん,願,名詞
ぐわ,果,名詞
ぐわ,瓦,名詞
ぐわ,画,名詞
ぐわ,畫,名詞
ぐわ,臥,名詞
ぐわい,外,名詞
ぐわい,巍,名詞
ぐわう,轟,名詞
ぐわつ,月,名詞
ぐわん,貫,名詞
ぐわん,丸,名詞
ぐわん,元,名詞
ぐわん,玩,名詞
ぐわん,頑,名詞
ぐわん,翫,名詞
ぐわん,願,名詞
けう,叫,名詞
けう,孝,名詞
けう,教,名詞
けう,敎,名詞
けう,校,名詞
けう,梟,名詞
けう,喬,名詞
けう,蕎,名詞
けう,僑,名詞
けう,橋,名詞
けう,嬌,名詞
けう,矯,名詞
けう,驕,名詞
けふ,莢,名詞
けふ,侠,名詞
けふ,挟,名詞
けふ,挾,名詞
けふ,陜,名詞
けふ,狭,名詞
けふ,狹,名詞
けふ,峡,名詞
けふ,峽,名詞
けふ,鋏,名詞
けふ,頬,名詞
けふ,怯,名詞
けふ,協,名詞
けふ,脇,名詞
けふ,脅,名詞
けふ,劫,名詞
けふ,叶,名詞
げう,尭,名詞
げう,堯,名詞
げう,暁,名詞
げう,曉,名詞
げう,驍,名詞
げふ,業,名詞
こふ,劫,名詞
こふ,甲,名詞
ごふ,劫,名詞
ごふ,業,名詞
さう,双,名詞
さう,雙,名詞
さう,爪,名詞
さう,庄,名詞
さう,早,名詞
さう,草,名詞
さう,壮,名詞
さう,壯,名詞
さう,荘,名詞
さう,莊,名詞
さう,装,名詞
さう,裝,名詞
さう,争,名詞
さう,爭,名詞
さう,筝,名詞
さう,相,名詞
さう,想,名詞
さう,霜,名詞,名詞
さう,倉,名詞
さう,創,名詞
さう,槍,名詞
さう,蒼,名詞
さう,愴,名詞
さう,瘡,名詞
さう,捜,名詞
さう,搜,名詞
さう,桑,名詞
さう,巣,名詞
さう,掃,名詞
さう,爽,名詞
さう,窓,名詞
さう,曹,名詞
さう,漕,名詞
さう,遭,名詞
さう,槽,名詞
さう,糟,名詞
さう,葬,名詞
さう,喪,名詞
さう,操,名詞
さう,澡,名詞
さう,噪,名詞
さう,燥,名詞
さう,躁,名詞
さう,藻,名詞
さう,掻,名詞
さう,騒,名詞
さう,騷,名詞
さう,鞘,名詞
さふ,挿,名詞
さふ,插,名詞
さふ,颯,名詞
ざう,双,名詞
ざう,雙,名詞
ざう,草,名詞
ざう,相,名詞
ざう,造,名詞
ざう,象,名詞
ざう,像,名詞
ざう,蔵,名詞
ざう,藏,名詞
ざう,臓,名詞
ざう,臟,名詞
ざふ,雑,名詞
ざふ,雜,名詞
しう,収,名詞
しう,收,名詞
しう,囚,名詞
しう,舟,名詞
しう,州,名詞
しう,洲,名詞
しう,酬,名詞
しう,秀,名詞
しう,秋,名詞
しう,萩,名詞
しう,鍬,名詞
しう,愁,名詞
しう,祝,名詞
しう,修,名詞
しう,脩,名詞
しう,周,名詞
しう,週,名詞
しう,就,名詞
しう,蹴,名詞
しう,鷲,名詞
しう,臭,名詞
しう,袖,名詞
しう,羞,名詞
しう,酋,名詞
しう,醜,名詞
しう,讐,名詞
しう,讎,名詞
しう,皺,名詞
しう,繍,名詞
しう,驟,名詞
しう,蒐,名詞
しっ,執,名詞
しつ,七,名詞
しふ,拾,名詞
しふ,習,名詞
しふ,褶,名詞
しふ,執,名詞
しふ,集,名詞
しふ,葺,名詞
しふ,輯,名詞
しふ,襲,名詞
しゃう,上,名詞
しゃう,井,名詞
しゃう,正,名詞
しゃう,政,名詞
しゃう,症,名詞
しゃう,鉦,名詞
しゃう,生,名詞
しゃう,性,名詞
しゃう,姓,名詞
しゃう,笙,名詞
しゃう,庄,名詞
しゃう,粧,名詞
しゃう,匠,名詞
しゃう,床,名詞
しゃう,声,名詞
しゃう,聲,名詞
しゃう,尚,名詞
しゃう,廠,名詞
しゃう,昌,名詞
しゃう,唱,名詞
しゃう,娼,名詞
しゃう,菖,名詞
しゃう,晶,名詞
しゃう,牀,名詞
しゃう,青,名詞
しゃう,靑,名詞
しゃう,清,名詞
しゃう,淸,名詞
しゃう,精,名詞
しゃう,精,名詞
しゃう,請,名詞
しゃう,錆,名詞
しゃう,荘,名詞
しゃう,莊,名詞
しゃう,装,名詞
しゃう,裝,名詞
しゃう,裳,名詞
しゃう,相,名詞
しゃう,湘,名詞
しゃう,省,名詞
しゃう,将,名詞
しゃう,將,名詞
しゃう,蒋,名詞
しゃう,奨,名詞
しゃう,奬,名詞
しゃう,漿,名詞
しゃう,醤,名詞
しゃう,祥,名詞
しゃう,祥,名詞
しゃう,詳,名詞
しゃう,翔,名詞
しゃう,章,名詞
しゃう,樟,名詞
しゃう,障,名詞
しゃう,彰,名詞
しゃう,商,名詞
しゃう,星,名詞
しゃう,猩,名詞
しゃう,象,名詞
しゃう,掌,名詞
しゃう,傷,名詞
しゃう,觴,名詞
しゃう,聖,名詞
しゃう,筝,名詞
しゃう,諍,名詞
しゃう,賞,名詞
しゃう,償,名詞
しゃう,嘗,名詞
しゃう,牆,名詞
しゃう,檣,名詞
しゃう,薔,名詞
しや,這,名詞
しや,卸,名詞
しや,叉,名詞
しや,砂,名詞
しや,紗,名詞
しや,沙,名詞
しや,鯊,名詞
しや,娑,名詞
しや,射,名詞
しや,謝,名詞
しや,赦,名詞
しや,斜,名詞
しや,社,名詞
しや,者,名詞
しや,奢,名詞
しや,偖,名詞
しや,赭,名詞
しや,煮,名詞
しや,車,名詞
しや,遮,名詞
しや,蔗,名詞
しや,鷓,名詞
しや,寫,名詞
しや,冩,名詞
しや,写,名詞
しや,瀉,名詞
しや,灑,名詞
しや,洒,名詞
しや,炙,名詞
しや,舍,名詞
しや,舎,名詞
しや,捨,名詞
しや,藉,名詞
しや,邪,名詞
しや,闍,名詞
しや,麝,名詞
しやう,上,名詞
しやう,井,名詞
しやう,正,名詞
しやう,政,名詞
しやう,症,名詞
しやう,鉦,名詞
しやう,生,名詞
しやう,性,名詞
しやう,姓,名詞
しやう,笙,名詞
しやう,庄,名詞
しやう,粧,名詞
しやう,匠,名詞
しやう,床,名詞
しやう,声,名詞
しやう,聲,名詞
しやう,尚,名詞
しやう,廠,名詞
しやう,昌,名詞
しやう,唱,名詞
しやう,娼,名詞
しやう,菖,名詞
しやう,晶,名詞
しやう,牀,名詞
しやう,青,名詞
しやう,靑,名詞
しやう,清,名詞
しやう,淸,名詞
しやう,精,名詞
しやう,精,名詞
しやう,請,名詞
しやう,錆,名詞
しやう,荘,名詞
しやう,莊,名詞
しやう,装,名詞
しやう,裝,名詞
しやう,裳,名詞
しやう,相,名詞
しやう,湘,名詞
しやう,省,名詞
しやう,将,名詞
しやう,將,名詞
しやう,蒋,名詞
しやう,奨,名詞
しやう,奬,名詞
しやう,漿,名詞
しやう,醤,名詞
しやう,祥,名詞
しやう,祥,名詞
しやう,詳,名詞
しやう,翔,名詞
しやう,章,名詞
しやう,樟,名詞
しやう,障,名詞
しやう,彰,名詞
しやう,商,名詞
しやう,星,名詞
しやう,猩,名詞
しやう,象,名詞
しやう,掌,名詞
しやう,傷,名詞
しやう,觴,名詞
しやう,聖,名詞
しやう,筝,名詞
しやう,諍,名詞
しやう,賞,名詞
しやう,償,名詞
しやう,嘗,名詞
しやう,牆,名詞
しやう,檣,名詞
しやう,薔,名詞
しやく,癪,名詞
しやく,笏,名詞
しやく,勺,名詞
しやく,灼,名詞
しやく,酌,名詞
しやく,妁,名詞
しやく,芍,名詞
しやく,杓,名詞
しやく,爵,名詞
しやく,嚼,名詞
しやく,斫,名詞
しやく,綽,名詞
しやく,鑠,名詞
しやく,爍,名詞
しやく,尺,名詞
しやく,昔,名詞
しやく,借,名詞
しやく,赤,名詞
しやく,釋,名詞
しやく,釈,名詞
しやく,錫,名詞
しゆ,棕,名詞
しゆ,椶,名詞
しゆ,衆,名詞
しゆ,種,名詞
しゆ,腫,名詞
しゆ,從,名詞
しゆ,従,名詞
しゆ,橦,名詞
しゆ,撞,名詞
しゆ,主,名詞
しゆ,麈,名詞
しゆ,取,名詞
しゆ,趣,名詞
しゆ,諏,名詞
しゆ,娵,名詞
しゆ,朱,名詞
しゆ,殊,名詞
しゆ,珠,名詞
しゆ,侏,名詞
しゆ,茱,名詞
しゆ,銖,名詞
しゆ,株,名詞
しゆ,須,名詞
しゆ,鬚,名詞
しゆ,繻,名詞
しゆ,守,名詞
しゆ,狩,名詞
しゆ,手,名詞
しゆ,酒,名詞
しゆ,首,名詞
しゆ,修,名詞
しゆう,主,名詞
しゆう,宗,名詞
しゆう,崇,名詞
しゆう,嵩,名詞
しゆう,衆,名詞
しゆう,聚,名詞
しゆう,終,名詞
しゆう,柊,名詞
しゆく,叔,名詞
しゆく,淑,名詞
しゆく,菽,名詞
しゆく,俶,名詞
しゆく,夙,名詞
しゆく,宿,名詞
しゆく,縮,名詞
しゆく,蓿,名詞
しゆく,祝,名詞
しゆく,蹙,名詞
しゆく,倏,名詞
しゆく,肅,名詞
しゆく,粛,名詞
しゆつ,出,名詞,名詞
しゆつ,蟀,名詞
しゆん,俊,名詞
しゆん,峻,名詞
しゆん,竣,名詞
しゆん,駿,名詞
しゆん,悛,名詞
しゆん,浚,名詞
しゆん,逡,名詞
しゆん,春,名詞
しゆん,惷,名詞
しゆん,蠢,名詞
しゆん,舜,名詞
しゆん,瞬,名詞
しゆん,蕣,名詞
しゆん,旬,名詞
しゆん,徇,名詞
しゆん,洵,名詞
しゆん,詢,名詞
しゆん,隼,名詞
しゆん,濬,名詞
しゆん,諄,名詞
しよ,且,名詞
しよ,砠,名詞
しよ,苴,名詞
しよ,雎,名詞
しよ,杵,名詞
しよ,黍,名詞
しよ,初,名詞
しよ,所,名詞
しよ,庶,名詞
しよ,蔗,名詞
しよ,署,名詞
しよ,薯,名詞
しよ,暑,名詞
しよ,渚,名詞
しよ,緒,名詞
しよ,曙,名詞
しよ,諸,名詞
しよ,藷,名詞
しよ,書,名詞
しよ,恕,名詞
しよ,處,名詞
しよ,処,名詞
しよ,墅,名詞
しよ,嶼,名詞
しよ,胥,名詞
しよ,蔬,名詞
しよう,升,名詞
しよう,丞,名詞
しよう,承,名詞
しよう,昇,名詞
しよう,陞,名詞
しよう,松,名詞
しよう,訟,名詞
しよう,頌,名詞
しよう,従,名詞
しよう,從,名詞
しよう,縦,名詞
しよう,縱,名詞
しよう,慫,名詞
しよう,聳,名詞
しよう,称,名詞
しよう,稱,名詞
しよう,秤,名詞
しよう,竦,名詞
しよう,証,名詞
しよう,證,名詞
しよう,勝,名詞
しよう,誦,名詞
しよう,衝,名詞
しよう,踵,名詞
しよう,鍾,名詞
しよう,憧,名詞
しよう,鐘,名詞
しよく,謖,名詞
しよく,稷,名詞
しよく,蜀,名詞
しよく,燭,名詞
しよく,觸,名詞
しよく,触,名詞
しよく,囑,名詞
しよく,嘱,名詞
しよく,矚,名詞
しよく,贖,名詞
しよく,拭,名詞
しよく,軾,名詞
しよく,殖,名詞
しよく,埴,名詞
しよく,植,名詞
しよく,織,名詞
しよく,職,名詞
しよく,色,名詞
しよく,食,名詞
しよく,蝕,名詞
しよく,飾,名詞
しよく,餝,名詞
しよく,嗇,名詞
しよく,穡,名詞
じう,修,名詞
じう,柔,名詞
じう,蹂,名詞
じう,獣,名詞
じう,獸,名詞
じっ,十,名詞
じっ,拾,名詞
じつ,十,名詞
じつ,拾,名詞
じふ,習,名詞
じふ,十,名詞
じふ,什,名詞
じふ,汁,名詞
じふ,入,名詞
じふ,渋,名詞
じふ,澁,名詞
じふ,拾,名詞
じゃう,井,名詞
じゃう,政,名詞
じゃう,匠,名詞
じゃう,声,名詞
じゃう,聲,名詞
じゃう,青,名詞
じゃう,靑,名詞
じゃう,将,名詞
じゃう,將,名詞
じゃう,上,名詞
じゃう,成,名詞
じゃう,城,名詞
じゃう,盛,名詞
じゃう,晟,名詞
じゃう,状,名詞
じゃう,浄,名詞
じゃう,淨,名詞
じゃう,常,名詞
じゃう,情,名詞
じゃう,靖,名詞
じゃう,靖,名詞
じゃう,静,名詞
じゃう,靜,名詞
じゃう,鎖,名詞
じゃう,譲,名詞
じゃう,讓,名詞
じゃう,壌,名詞
じゃう,壤,名詞
じゃう,攘,名詞
じゃう,穣,名詞
じゃう,穰,名詞
じゃう,嘗,名詞
じゃう,嬢,名詞
じゃう,孃,名詞
じゃう,醸,名詞
じゃう,釀,名詞
じや,砂,名詞
じや,舍,名詞
じや,舎,名詞
じや,蛇,名詞
じや,邪,名詞
じや,者,名詞
じや,社,名詞
じや,闍,名詞
じや,麝,名詞
じやう,井,名詞
じやう,政,名詞
じやう,匠,名詞
じやう,声,名詞
じやう,聲,名詞
じやう,青,名詞
じやう,靑,名詞
じやう,将,名詞
じやう,將,名詞
じやう,上,名詞
じやう,成,名詞
じやう,城,名詞
じやう,盛,名詞
じやう,晟,名詞
じやう,状,名詞
じやう,浄,名詞
じやう,淨,名詞
じやう,常,名詞
じやう,情,名詞
じやう,靖,名詞
じやう,靖,名詞
じやう,静,名詞
じやう,靜,名詞
じやう,鎖,名詞
じやう,譲,名詞
じやう,讓,名詞
じやう,壌,名詞
じやう,壤,名詞
じやう,攘,名詞
じやう,穣,名詞
じやう,穰,名詞
じやう,嘗,名詞
じやう,嬢,名詞
じやう,孃,名詞
じやう,醸,名詞
じやう,釀,名詞
じやく,勺,名詞
じやく,尺,名詞
じやく,昔,名詞
じやく,若,名詞
じやく,惹,名詞
じやく,弱,名詞
じやく,雀,名詞
じやく,鵲,名詞
じやく,寂,名詞
じやく,蒻,名詞
じやく,鶸,名詞
じやく,笛,名詞
じやく,著,名詞
じやく,藉,名詞
じやく,籍,名詞
じゆ,衆,名詞
じゆ,主,名詞
じゆ,珠,名詞
じゆ,從,名詞
じゆ,従,名詞
じゆ,从,名詞
じゆ,頌,名詞
じゆ,樹,名詞
じゆ,需,名詞
じゆ,儒,名詞
じゆ,嬬,名詞
じゆ,濡,名詞
じゆ,孺,名詞
じゆ,襦,名詞
じゆ,戍,名詞
じゆ,聚,名詞
じゆ,受,名詞
じゆ,授,名詞
じゆ,綬,名詞
じゆ,呪,名詞
じゆ,咒,名詞
じゆ,就,名詞
じゆ,壽,名詞
じゆ,寿,名詞
じゆ,入,名詞
じゆ,殊,名詞
じゆ,銖,名詞
じゆ,訟,名詞
じゆ,鷲,名詞
じゆ,驟,名詞
じゆ,蠕,名詞
じゆ,誦,名詞
じゆ,堅,名詞
じゆ,豎,名詞
じゆ,乳,名詞
じゆう,終,名詞
じゆう,充,名詞
じゆう,銃,名詞
じゆう,戎,名詞
じゆう,絨,名詞
じゆう,従,名詞
じゆう,從,名詞
じゆう,縦,名詞
じゆう,縱,名詞
じゆく,孰,名詞
じゆく,塾,名詞
じゆく,熟,名詞
じゆく,宿,名詞
じゆつ,恤,名詞
じゆつ,戌,名詞
じゆつ,朮,名詞
じゆつ,術,名詞
じゆつ,述,名詞
じゆん,旬,名詞
じゆん,諄,名詞
じゆん,閏,名詞
じゆん,潤,名詞
じゆん,准,名詞
じゆん,準,名詞
じゆん,凖,名詞
じゆん,殉,名詞
じゆん,徇,名詞
じゆん,恂,名詞
じゆん,洵,名詞
じゆん,筍,名詞
じゆん,笋,名詞
じゆん,荀,名詞
じゆん,詢,名詞
じゆん,盾,名詞
じゆん,循,名詞
じゆん,楯,名詞
じゆん,純,名詞
じゆん,巡,名詞
じゆん,遵,名詞
じゆん,順,名詞
じゆん,馴,名詞
じゆん,隼,名詞
じゆん,蓴,名詞
じゆん,鶉,名詞
じゆん,淳,名詞
じゆん,醇,名詞
じゆん,侚,名詞
じゆん,惇,名詞
じゆん,錞,名詞
じよ,所,名詞
じよ,書,名詞
じよ,恕,名詞
じよ,處,名詞
じよ,処,名詞
じよ,助,名詞
じよ,鋤,名詞
じよ,耡,名詞
じよ,序,名詞
じよ,抒,名詞
じよ,徐,名詞
じよ,敍,名詞
じよ,敘,名詞
じよ,叙,名詞
じよ,汝,名詞
じよ,如,名詞
じよ,洳,名詞
じよ,茹,名詞
じよ,絮,名詞
じよ,舒,名詞
じよう,升,名詞
じよう,丞,名詞
じよう,冗,名詞
じよう,乗,名詞
じよう,乘,名詞
じよう,剰,名詞
じよう,剩,名詞
じよう,烝,名詞
じよう,蒸,名詞
じよう,縄,名詞
じよう,繩,名詞
じよう,茸,名詞
じよく,辱,名詞
じよく,溽,名詞
じよく,縟,名詞
じよく,蓐,名詞
じよく,褥,名詞
せう,小,名詞
せう,少,名詞
せう,抄,名詞
せう,鈔,名詞
せう,召,名詞
せう,沼,名詞
せう,招,名詞
せう,昭,名詞
せう,紹,名詞
せう,照,名詞
せう,詔,名詞
せう,笑,名詞
せう,肖,名詞
せう,宵,名詞
せう,消,名詞
せう,哨,名詞
せう,逍,名詞
せう,悄,名詞
せう,梢,名詞
せう,硝,名詞
せう,銷,名詞
せう,鞘,名詞
せう,焼,名詞
せう,燒,名詞
せう,焦,名詞
せう,憔,名詞
せう,樵,名詞
せう,蕉,名詞
せう,礁,名詞
せう,瀟,名詞
せう,嘯,名詞
せう,蕭,名詞
せう,簫,名詞
せう,楢,名詞
せう,篠,名詞
せう,鍬,名詞
せふ,妾,名詞
せふ,接,名詞
せふ,捷,名詞
せふ,睫,名詞
せふ,渉,名詞
せふ,摂,名詞
せふ,攝,名詞
せふ,摺,名詞
ぜう,擾,名詞
ぜう,蕘,名詞
ぜう,繞,名詞
ぜう,饒,名詞
たう,刀,名詞
たう,当,名詞
たう,當,名詞
たう,宕,名詞
たう,到,名詞
たう,倒,名詞
たう,挑,名詞
たう,逃,名詞
たう,桃,名詞
たう,党,名詞
たう,黨,名詞
たう,堂,名詞
たう,唐,名詞
たう,糖,名詞
たう,島,名詞
たう,嶋,名詞
たう,討,名詞
たう,悼,名詞
たう,套,名詞
たう,盗,名詞
たう,盜,名詞
たう,淘,名詞
たう,陶,名詞
たう,萄,名詞
たう,湯,名詞
たう,蕩,名詞
たう,滔,名詞
たう,稲,名詞
たう,稻,名詞
たう,蹈,名詞
たう,韜,名詞
たう,蟷,名詞
たう,螳,名詞
たう,涛,名詞
たう,濤,名詞
たう,祷,名詞
たう,撞,名詞
たう,橙,名詞
たう,櫂,名詞
たう,撓,名詞
たふ,納,名詞
たふ,答,名詞
たふ,塔,名詞
たふ,搭,名詞
たふ,沓,名詞
たふ,踏,名詞
だう,当,名詞
だう,當,名詞
だう,堂,名詞
だう,萄,名詞
だう,撞,名詞
だう,道,名詞
だう,導,名詞
だう,撓,名詞
だう,瞠,名詞
だう,獰,名詞
ちう,丑,名詞
ちう,紐,名詞
ちう,肘,名詞
ちう,酎,名詞
ちう,宙,名詞
ちう,抽,名詞
ちう,紬,名詞
ちう,昼,名詞
ちう,晝,名詞
ちう,鋳,名詞
ちう,鑄,名詞
ちう,疇,名詞
ちう,籌,名詞
ちゃう,丁,名詞
ちゃう,打,名詞
ちゃう,釘,名詞
ちゃう,庁,名詞
ちゃう,廰,名詞
ちゃう,廳,名詞
ちゃう,聴,名詞
ちゃう,聽,名詞
ちゃう,町,名詞
ちゃう,長,名詞
ちゃう,帳,名詞
ちゃう,張,名詞
ちゃう,脹,名詞
ちゃう,漲,名詞
ちゃう,挺,名詞
ちゃう,頂,名詞
ちゃう,停,名詞
ちゃう,提,名詞
ちゃう,腸,名詞
ちゃう,暢,名詞
ちゃう,脚,名詞
ちや,茶,名詞
ちやう,丁,名詞
ちやう,打,名詞
ちやう,釘,名詞
ちやう,庁,名詞
ちやう,廰,名詞
ちやう,廳,名詞
ちやう,聴,名詞
ちやう,聽,名詞
ちやう,町,名詞
ちやう,長,名詞
ちやう,帳,名詞
ちやう,張,名詞
ちやう,脹,名詞
ちやう,漲,名詞
ちやう,挺,名詞
ちやう,頂,名詞
ちやう,停,名詞
ちやう,提,名詞
ちやう,腸,名詞
ちやう,暢,名詞
ちやう,脚,名詞
ちやく,著,名詞
ちやく,着,名詞
ちやく,嫡,名詞
ちゅう,頭,名詞
ちゅん,椿,名詞
ちゆう,中,名詞
ちゆう,仲,名詞
ちゆう,沖,名詞
ちゆう,忠,名詞
ちゆう,虫,名詞
ちゆう,蟲,名詞
ちゆう,注,名詞
ちゆう,柱,名詞
ちゆう,註,名詞
ちゆう,駐,名詞
ちゆう,誅,名詞
ちゆう,偸,名詞
ちゆう,衷,名詞
ちゆう,厨,名詞
ちゆう,頭,名詞
ちゆん,椿,名詞
ちよ,緒,名詞
ちよ,儲,名詞
ちよ,楮,名詞
ちよ,豬,名詞
ちよ,瀦,名詞
ちよ,猪,名詞
ちよ,潴,名詞
ちよ,著,名詞
ちよ,躇,名詞
ちよ,樗,名詞
ちよ,貯,名詞
ちよ,苧,名詞
ちよ,竚,名詞
ちよ,紵,名詞
ちよ,佇,名詞
ちよ,杼,名詞
ちよう,重,名詞
ちよう,澄,名詞
ちよう,徴,名詞
ちよう,懲,名詞
ちよう,寵,名詞
ちよう,塚,名詞
ちよう,塚,名詞
ちよく,躅,名詞
ちよく,捗,名詞
ちよく,陟,名詞
ちよく,直,名詞
ちよく,敕,名詞
ちよく,勅,名詞
ちよさくけんしや,歴史的仮名遣教室,名詞
ぢ,地,名詞
ぢ,治,名詞
ぢ,持,名詞
ぢ,峙,名詞
ぢ,痔,名詞
ぢ,除,名詞
ぢき,直,名詞
ぢく,竺,名詞
ぢく,軸,名詞
ぢく,柚,名詞
ぢっ,昵,名詞
ぢっ,衵,名詞
ぢつ,昵,名詞
ぢつ,衵,名詞
ぢゃ,茶,名詞
ぢゃう,丈,名詞
ぢゃう,仗,名詞
ぢゃう,杖,名詞
ぢゃう,定,名詞
ぢゃう,掟,名詞
ぢゃう,諚,名詞
ぢゃう,錠,名詞
ぢゃう,貞,名詞
ぢゃう,娘,名詞
ぢゃう,場,名詞
ぢゃう,嬢,名詞
ぢゃう,孃,名詞
ぢゃう,醸,名詞
ぢゃう,釀,名詞
ぢゃう,鄭,名詞
ぢゃく,搦,名詞
ぢゃく,著,名詞
ぢゃく,着,名詞
ぢや,茶,名詞
ぢやう,丈,名詞
ぢやう,仗,名詞
ぢやう,杖,名詞
ぢやう,定,名詞
ぢやう,掟,名詞
ぢやう,諚,名詞
ぢやう,錠,名詞
ぢやう,貞,名詞
ぢやう,娘,名詞
ぢやう,場,名詞
ぢやう,嬢,名詞
ぢやう,孃,名詞
ぢやう,醸,名詞
ぢやう,釀,名詞
ぢやう,鄭,名詞
ぢやく,著,名詞
ぢやく,着,名詞
ぢやく,搦,名詞
ぢゅう,中,名詞
ぢゅう,住,名詞
ぢゅう,重,名詞
ぢゆう,中,名詞
ぢゆう,住,名詞
ぢゆう,重,名詞
ぢょ,女,名詞
ぢょ,除,名詞
ぢょく,濁,名詞
ぢょく,耨,名詞
ぢよ,女,名詞
ぢよ,除,名詞
ぢよく,濁,名詞
ぢよく,耨,名詞
ぢん,沈,名詞
ぢん,陣,名詞
ぢん,塵,名詞
ぢん,賃,名詞
づ,豆,名詞
づ,津,名詞
づ,逗,名詞
づ,厨,名詞
づ,頭,名詞
づ,図,名詞
づ,圖,名詞
づ,途,名詞
づ,徒,名詞
づ,杜,名詞
づう,通,名詞
てう,兆,名詞
てう,挑,名詞
てう,逃,名詞
てう,眺,名詞
てう,跳,名詞
てう,銚,名詞
てう,弔,名詞
てう,鳥,名詞
てう,蔦,名詞
てう,超,名詞
てう,朝,名詞
てう,嘲,名詞
てう,潮,名詞
てう,調,名詞
てう,彫,名詞
てう,凋,名詞
てう,鯛,名詞
てう,釣,名詞
てう,肇,名詞
てふ,帖,名詞
てふ,貼,名詞
てふ,喋,名詞
てふ,牒,名詞
てふ,諜,名詞
てふ,蝶,名詞
でう,条,名詞
でう,條,名詞
でう,嫋,名詞
でう,滌,名詞
でふ,帖,名詞
でふ,畳,名詞
でふ,疊,名詞
なう,悩,名詞
なう,惱,名詞
なう,脳,名詞
なう,腦,名詞
なう,瑙,名詞
なう,曩,名詞,名詞
なう,嚢,名詞
なふ,納,名詞
なふ,衲,名詞
にう,柔,名詞
にっ,入,名詞
につ,日,名詞
につ,入,名詞
にふ,入,名詞
にやく,若,名詞
にやく,蒻,名詞
にゆう,乳,名詞
によ,女,名詞
によ,如,名詞
によう,女,名詞
ねう,尿,名詞
ねう,遶,名詞
ねう,繞,名詞
ねう,鐃,名詞
はう,方,名詞
はう,芳,名詞
はう,彷,名詞
はう,訪,名詞
はう,包,名詞
はう,泡,名詞
はう,庖,名詞
はう,抱,名詞
はう,炮,名詞
はう,胞,名詞
はう,砲,名詞
はう,袍,名詞
はう,疱,名詞
はう,鞄,名詞
はう,飽,名詞
はう,邦,名詞
はう,放,名詞
はう,倣,名詞
はう,抛,名詞
はう,萌,名詞
はう,萠,名詞
はう,棚,名詞
はう,焙,名詞
はう,烹,名詞
はう,幇,名詞
はう,硼,名詞
はつ,八,名詞
はふ,法,名詞
ばう,亡,名詞
ばう,忙,名詞
ばう,妄,名詞
ばう,忘,名詞
ばう,芒,名詞
ばう,茫,名詞
ばう,惘,名詞
ばう,卯,名詞
ばう,昴,名詞
ばう,坊,名詞
ばう,防,名詞
ばう,妨,名詞
ばう,肪,名詞
ばう,紡,名詞
ばう,房,名詞
ばう,旁,名詞
ばう,傍,名詞
ばう,茅,名詞
ばう,萌,名詞
ばう,萠,名詞
ばう,望,名詞
ばう,貌,名詞
ばう,棒,名詞
ばう,尨,名詞
ばう,厖,名詞
ばう,膨,名詞
ばう,髦,名詞
ばう,冒,名詞
ばう,冐,名詞
ばう,帽,名詞
ばう,胞,名詞
ばふ,法,名詞
ぱう,方,名詞
ぱう,芳,名詞
ぱう,彷,名詞
ぱう,訪,名詞
ぱう,包,名詞
ぱう,泡,名詞
ぱう,庖,名詞
ぱう,抱,名詞
ぱう,炮,名詞
ぱう,胞,名詞
ぱう,砲,名詞
ぱう,袍,名詞
ぱう,疱,名詞
ぱう,鞄,名詞
ぱう,飽,名詞
ぱう,邦,名詞
ぱう,放,名詞
ぱう,倣,名詞
ぱう,抛,名詞
ぱう,萌,名詞
ぱう,萠,名詞
ぱう,棚,名詞
ぱう,焙,名詞
ぱう,烹,名詞
ぱう,幇,名詞
ぱう,硼,名詞
ぱふ,法,名詞
ひう,彪,名詞
ひゃう,平,名詞
ひゃう,評,名詞
ひゃう,兵,名詞
ひゃう,拍,名詞
ひやう,平,名詞
ひやう,評,名詞
ひやう,兵,名詞
ひやう,拍,名詞
ひやく,百,名詞
ひよう,氷,名詞
ひよう,憑,名詞
びう,謬,名詞
びう,繆,名詞
びゃう,平,名詞
びゃう,屏,名詞
びゃう,病,名詞
びゃう,瓶,名詞
びゃう,甁,名詞
びゃう,鋲,名詞
びゃう,拍,名詞
びやう,平,名詞
びやう,屏,名詞
びやう,病,名詞
びやう,瓶,名詞
びやう,甁,名詞
びやう,鋲,名詞
びやう,拍,名詞
びやく,白,名詞
びやく,闢,名詞
びやく,百,名詞
ぴう,彪,名詞
ぴゃう,平,名詞
ぴゃう,評,名詞
ぴゃう,兵,名詞
ぴゃう,拍,名詞
ぴゃく,百,名詞
ぴやう,平,名詞
ぴやう,評,名詞
ぴやう,兵,名詞
ぴやう,拍,名詞
ぴやく,百,名詞
ぴょう,憑,名詞
ぴよう,氷,名詞
ぴよう,憑,名詞
へう,表,名詞
へう,俵,名詞
へう,豹,名詞
へう,票,名詞
へう,剽,名詞
へう,漂,名詞
へう,標,名詞
へう,瓢,名詞
へう,飄,名詞
へう,彪,名詞
べう,苗,名詞
べう,描,名詞
べう,猫,名詞
べう,錨,名詞
べう,秒,名詞
べう,渺,名詞
べう,廟,名詞
べう,俵,名詞
べう,票,名詞
ぺう,表,名詞
ぺう,俵,名詞
ぺう,豹,名詞
ぺう,票,名詞
ぺう,剽,名詞
ぺう,漂,名詞
ぺう,標,名詞
ぺう,瓢,名詞
ぺう,飄,名詞
ぺう,彪,名詞
ほふ,法,名詞
ぼふ,乏,名詞
ぼふ,法,名詞
ぽふ,法,名詞
まう,亡,名詞
まう,妄,名詞
まう,盲,名詞
まう,望,名詞
まう,罔,名詞
まう,網,名詞
まう,魍,名詞
まう,孟,名詞
まう,猛,名詞
まう,帽,名詞
みゃう,名,名詞
みゃう,命,名詞
みゃう,明,名詞
みゃう,冥,名詞
みやう,名,名詞
みやう,命,名詞
みやう,明,名詞
みやう,冥,名詞
みやく,脈,名詞
みやく,脉,名詞
めう,妙,名詞
めう,苗,名詞
もつ,勿,名詞
やう,羊,名詞
やう,洋,名詞
やう,痒,名詞
やう,揚,名詞
やう,陽,名詞
やう,楊,名詞
やう,瘍,名詞
やう,様,名詞
やう,樣,名詞
やう,養,名詞
やう,癢,名詞
やう,瑩,名詞
やう,影,名詞
やう,瓔,名詞
らう,老,名詞
らう,牢,名詞
らう,労,名詞
らう,勞,名詞
らう,郎,名詞
らう,郞,名詞
らう,浪,名詞
らう,狼,名詞
らう,朗,名詞
らう,朗,名詞
らう,琅,名詞
らう,廊,名詞
らう,粮,名詞
らふ,臈,名詞
らふ,臘,名詞
らふ,蝋,名詞
らふ,摺,名詞
りう,柳,名詞
りう,流,名詞
りう,琉,名詞
りう,硫,名詞
りう,留,名詞
りう,溜,名詞
りう,瑠,名詞
りう,瘤,名詞
りう,劉,名詞
りっ,立,名詞
りふ,立,名詞
りふ,粒,名詞
りふ,笠,名詞
りゃう,令,名詞
りゃう,冷,名詞
りゃう,玲,名詞
りゃう,領,名詞
りゃう,嶺,名詞
りゃう,羚,名詞
りゃう,両,名詞
りゃう,兩,名詞
りゃう,輛,名詞
りゃう,裲,名詞
りゃう,良,名詞
りゃう,亮,名詞
りゃう,梁,名詞
りゃう,涼,名詞
りゃう,凉,名詞
りゃう,掠,名詞
りゃう,椋,名詞
りゃう,諒,名詞
りゃう,量,名詞
りゃう,糧,名詞
りゃう,霊,名詞
りゃう,靈,名詞
りやう,令,名詞
りやう,冷,名詞
りやう,玲,名詞
りやう,領,名詞
りやう,嶺,名詞
りやう,羚,名詞
りやう,両,名詞
りやう,兩,名詞
りやう,輛,名詞
りやう,裲,名詞
りやう,良,名詞
りやう,亮,名詞
りやう,梁,名詞
りやう,涼,名詞
りやう,凉,名詞
りやう,掠,名詞
りやう,椋,名詞
りやう,諒,名詞
りやう,量,名詞
りやう,糧,名詞
りやう,霊,名詞
りやう,靈,名詞
りやく,掠,名詞
りやく,略,名詞
りやく,畧,名詞
りゆう,隆,名詞
りゆう,隆,名詞
りゆう,竜,名詞
りゆう,龍,名詞
りよ,慮,名詞
りよ,鑢,名詞
りよ,虜,名詞
りよ,旅,名詞
りよ,膂,名詞
りよ,呂,名詞
りよ,侶,名詞
りよ,梠,名詞
りよ,閭,名詞
りよう,菱,名詞
りよう,凌,名詞
りよう,崚,名詞
りよう,稜,名詞
りよう,陵,名詞
りよう,綾,名詞
りよう,竜,名詞
りよう,龍,名詞
りよく,緑,名詞
りよく,力,名詞
れう,了,名詞
れう,料,名詞
れう,聊,名詞
れう,寥,名詞
れう,寮,名詞
れう,僚,名詞
れう,遼,名詞
れう,燎,名詞
れう,療,名詞
れう,瞭,名詞
れふ,猟,名詞
れふ,獵,名詞
れふ,漁,名詞
わう,王,名詞
わう,皇,名詞
わう,凰,名詞
わう,旺,名詞
わう,枉,名詞
わう,往,名詞
わう,徃,名詞
わう,黄,名詞
わう,横,名詞
わう,橫,名詞
ゐ,位,名詞
ゐ,囲,名詞
ゐ,圍,名詞
ゐ,委,名詞
ゐ,萎,名詞
ゐ,威,名詞
ゐ,為,名詞
ゐ,爲,名詞
ゐ,畏,名詞
ゐ,胃,名詞
ゐ,謂,名詞
ゐ,蝟,名詞
ゐ,韋,名詞
ゐ,偉,名詞
ゐ,葦,名詞
ゐ,違,名詞
ゐ,緯,名詞
ゐ,唯,名詞
ゐ,惟,名詞
ゐ,帷,名詞
ゐ,維,名詞
ゐ,尉,名詞
ゐ,慰,名詞
ゐ,彙,名詞
ゐ,遺,名詞
ゐき,或,名詞
ゐき,域,名詞
ゐき,閾,名詞
ゐく,彧,名詞
ゐく,煜,名詞
ゐく,粥,名詞
ゐく,鬻,名詞
ゐん,尹,名詞
ゐん,韻,名詞
ゐん,員,名詞
ゐん,院,名詞
ゑ,回,名詞
ゑ,囘,名詞
ゑ,会,名詞
ゑ,會,名詞
ゑ,廻,名詞
ゑ,絵,名詞
ゑ,繪,名詞
ゑ,壊,名詞
ゑ,壞,名詞
ゑ,恵,名詞
ゑ,惠,名詞
ゑ,慧,名詞
ゑ,淮,名詞
ゑ,衛,名詞
ゑ,衞,名詞
ゑ,穢,名詞
ゑい,衛,名詞
ゑい,衞,名詞
ゑち,越,名詞
ゑっ,曰,名詞
ゑっ,戉,名詞
ゑっ,越,名詞
ゑっ,鉞,名詞
ゑっ,粤,名詞
ゑつ,曰,名詞
ゑつ,戉,名詞
ゑつ,越,名詞
ゑつ,鉞,名詞
ゑつ,粤,名詞
ゑん,円,名詞
ゑん,圓,名詞
ゑん,宛,名詞
ゑん,苑,名詞
ゑん,怨,名詞
ゑん,婉,名詞
ゑん,豌,名詞
ゑん,鴛,名詞
ゑん,袁,名詞
ゑん,遠,名詞
ゑん,猿,名詞
ゑん,園,名詞
ゑん,薗,名詞
ゑん,淵,名詞
ゑん,援,名詞
ゑん,媛,名詞
ゑん,垣,名詞
ゑん,冤,名詞
を,乎,名詞
を,汚,名詞
を,於,名詞
を,悪,名詞
を,惡,名詞
を,烏,名詞
を,嗚,名詞
をう,翁,名詞
をく,屋,名詞
をち,越,名詞
をち,粤,名詞
をっ,榲,名詞
をっ,膃,名詞
をっ,越,名詞
をつ,榲,名詞
をつ,膃,名詞
をつ,越,名詞
をん,苑,名詞
をん,怨,名詞
をん,温,名詞
をん,園,名詞
をん,遠,名詞
をん,穏,名詞
をん,穩,名詞
